Enables_Login_Bypass.sql	Enables login bypass	0	
   
SELECT DISTINCT
	[se].[FK_Machines],
	[se].[FK_MachineModulePaths],
	[se].[PK_WinTrackingEvents] AS [FK_mocSentinelEvents]
FROM
	[dbo].[WinTrackingEventsCache] AS [se] WITH(NOLOCK)
WHERE
	[se].[BehaviorProcessCreateProcess] = 1 AND
	[se].[FileName_Target] = 'REG.EXE' AND 
	[se].[LaunchArguments_Target] LIKE '%ADD%\Image File Execution Options\%Debugger%/d%' AND
	(
		[se].[LaunchArguments_Target] LIKE '%sethc.exe%' OR
		[se].[LaunchArguments_Target] LIKE '%magnify.exe%' OR
		[se].[LaunchArguments_Target] LIKE '%narrator.exe%' OR
		[se].[LaunchArguments_Target] LIKE '%osk.exe%' OR
		[se].[LaunchArguments_Target] LIKE '%utilman.exe%' OR
		[se].[LaunchArguments_Target] LIKE '%displayswitch.exe%'
	)
OPTION (RECOMPILE);
Exports_Sensitive_Registry_Hive.sql	Exports sensitive registry hive	0	

SELECT DISTINCT
	[se].[FK_Machines],
	[se].[FK_MachineModulePaths],
	[se].[PK_WinTrackingEvents] AS [FK_mocSentinelEvents]
FROM
	[dbo].[WinTrackingEventsCache] AS [se] WITH(NOLOCK)
WHERE
	[se].[BehaviorProcessCreateProcess] = 1 AND
	[se].[FileName_Target] = 'REG.EXE' AND 
	(
		[se].[LaunchArguments_Target] LIKE '%SAVE%HKLM\SYSTEM %' OR
		[se].[LaunchArguments_Target] LIKE '%SAVE%HKLM\SAM %' OR
		[se].[LaunchArguments_Target] LIKE '%SAVE%HKLM\SECURITY %'
	)
OPTION (RECOMPILE);
Enumerates_Remote_Processes.sql	Enumerates remote processes	1	

SELECT DISTINCT
	[mp].[FK_Machines] AS [FK_Machines],
	[mp].[PK_MachineModulePaths] AS [FK_MachineModulePaths],
	[se].[PK_WinTrackingEvents] AS [FK_mocSentinelEvents]
FROM
	[dbo].[WinTrackingEventsCache] AS [se] WITH(NOLOCK)
	INNER JOIN [dbo].[MachineModulePaths] AS [mp] WITH(NOLOCK) ON ([mp].[PK_MachineModulePaths] = [se].[FK_MachineModulePaths])
WHERE 
	[se].[BehaviorProcessCreateProcess] = 1 AND
	(
		[se].[FileName_Target] = 'TASKLIST.EXE' AND 
		[se].[LaunchArguments_Target] LIKE '%/S %'
	) OR
	(
		[se].[FileName_Target] = 'WMIC.EXE' AND 
		[se].[LaunchArguments_Target] LIKE '%/NODE:%' AND
		[se].[LaunchArguments_Target] LIKE '%PROCESS LIST%'
	)
OPTION (RECOMPILE);
Enumerates_Domain_Controllers.sql	Enumerates domain controllers	1	
   
SELECT DISTINCT
	[se].[FK_Machines],
	[se].[FK_MachineModulePaths],
	[se].[PK_WinTrackingEvents] AS [FK_mocSentinelEvents]
FROM
	[dbo].[WinTrackingEventsCache] AS [se] WITH(NOLOCK)
WHERE
	[se].[BehaviorProcessCreateProcess] = 1 AND
	[se].[FileName_Target] = 'NET.EXE' AND
	[se].[LaunchArguments_Target] LIKE '%GROUP %' AND
	[se].[LaunchArguments_Target] LIKE '%DOMAIN CONTROLLERS%' AND
	[se].[LaunchArguments_Target] LIKE '%/DO%' AND 
	[se].[LaunchArguments_Target] NOT LIKE '%/DE%' AND 
	[se].[LaunchArguments_Target] NOT LIKE '%/AD%'
OPTION (RECOMPILE);
Enumerates_Domain_Computers.sql	Enumerates domain computers	1	
   
SELECT DISTINCT
	[se].[FK_Machines],
	[se].[FK_MachineModulePaths],
	[se].[PK_WinTrackingEvents] AS [FK_mocSentinelEvents]
FROM
	[dbo].[WinTrackingEventsCache] AS [se] WITH(NOLOCK)
WHERE
	[se].[BehaviorProcessCreateProcess] = 1 AND
	[se].[FileName_Target] = 'NET.EXE' AND
	[se].[LaunchArguments_Target] LIKE '%GROUP %' AND
	[se].[LaunchArguments_Target] LIKE '%DOMAIN COMPUTERS%' AND
	[se].[LaunchArguments_Target] LIKE '%/DO%' AND 
	[se].[LaunchArguments_Target] NOT LIKE '%/DE%' AND 
	[se].[LaunchArguments_Target] NOT LIKE '%/AD%'
OPTION (RECOMPILE);
Enables_RDP.sql	Enables RDP	1	
   
SELECT DISTINCT
	[se].[FK_Machines],
	[se].[FK_MachineModulePaths],
	[se].[PK_WinTrackingEvents] AS [FK_mocSentinelEvents]
FROM
	[dbo].[WinTrackingEventsCache] AS [se] WITH(NOLOCK)
WHERE
	[se].[BehaviorProcessCreateProcess] = 1 AND
	[se].[FileName_Target] = 'REG.EXE' AND 
	(
		[se].[LaunchArguments_Target] LIKE '%ADD%\Control\Terminal Server%fDenyTSConnections%/d%0%' OR
		[se].[LaunchArguments_Target] LIKE '%ADD%\Control\Terminal Server\WinStations\RDP-Tcp%UserAuthentication%/d%'
	)
OPTION (RECOMPILE);
Disables_Security_Service.sql	Disables security service	1	
   
SELECT DISTINCT
	[se].[FK_Machines],
	[se].[FK_MachineModulePaths],
	[se].[PK_WinTrackingEvents] AS [FK_mocSentinelEvents]
FROM
	[dbo].[WinTrackingEventsCache] AS [se] WITH(NOLOCK)
	INNER JOIN [dbo].[MachineModulePaths] AS [mp] WITH(NOLOCK) ON ([mp].[PK_MachineModulePaths] = [se].[FK_MachineModulePaths])
	INNER JOIN [dbo].[FileNames] AS [fn] WITH(NOLOCK) ON ([fn].[PK_FileNames] = [mp].[FK_FileNames])
WHERE
	[se].[BehaviorProcessCreateProcess] = 1 AND
	[se].[FileName_Target] = 'SC.EXE' AND
	[se].[LaunchArguments_Target] LIKE '%CONFIG%DISABLED%' AND
	(
		[se].[LaunchArguments_Target] LIKE '%MPSSVC%' OR -- Firewall
		[se].[LaunchArguments_Target] LIKE '%WINDEFEND%' OR -- WindowsDefender
		[se].[LaunchArguments_Target] LIKE '%WSCSVC%' -- Windows Security Center
	) 
OPTION (RECOMPILE);
Stops_Security_Service.sql	Stops security service	1	
   
SELECT DISTINCT
	[se].[FK_Machines],
	[se].[FK_MachineModulePaths],
	[se].[PK_WinTrackingEvents] AS [FK_mocSentinelEvents]
FROM
	[dbo].[WinTrackingEventsCache] AS [se] WITH(NOLOCK)
	INNER JOIN [dbo].[MachineModulePaths] AS [mp] WITH(NOLOCK) ON ([mp].[PK_MachineModulePaths] = [se].[FK_MachineModulePaths])
	INNER JOIN [dbo].[FileNames] AS [fn] WITH(NOLOCK) ON ([fn].[PK_FileNames] = [mp].[FK_FileNames])
WHERE
	[se].[BehaviorProcessCreateProcess] = 1 AND
	[se].[FileName_Target] = 'NET.EXE' AND
	[se].[LaunchArguments_Target] LIKE '%STOP%' AND
	(
		[se].[LaunchArguments_Target] LIKE '%MPSSVC%' OR -- Firewall
		[se].[LaunchArguments_Target] LIKE '%WINDEFEND%' OR -- WindowsDefender
		[se].[LaunchArguments_Target] LIKE '%WSCSVC%' -- Windows Security Center
	)
OPTION (RECOMPILE);
Creates_Remote_Service.sql	Creates remote service	1	

SELECT DISTINCT
	[se].[FK_Machines],
	[se].[FK_MachineModulePaths],
	[se].[PK_WinTrackingEvents] AS [FK_mocSentinelEvents]
FROM
	[dbo].[WinTrackingEventsCache] AS [se] WITH(NOLOCK)
WHERE 
	[se].[BehaviorProcessCreateProcess] = 1 AND
	[se].[FileName_Target] = 'SC.EXE' AND 
	[se].[LaunchArguments_Target] LIKE '%\\% create %' AND
	[se].[LaunchArguments_Target] LIKE '% binPath=%'
OPTION (RECOMPILE);
Wmiprvse_Runs_Powershell.sql	Wmiprvse runs powershell	1	
   
SELECT DISTINCT
	[se].[FK_Machines],
	[se].[FK_MachineModulePaths],
	[se].[PK_WinTrackingEvents] AS [FK_mocSentinelEvents]
FROM
	[dbo].[WinTrackingEventsCache] AS [se] WITH(NOLOCK)
	INNER JOIN [dbo].[MachineModulePaths] AS [mp] WITH(NOLOCK) ON ([mp].[PK_MachineModulePaths] = [se].[FK_MachineModulePaths])
	INNER JOIN [dbo].[FileNames] AS [fn] WITH(NOLOCK) ON ([fn].[PK_FileNames] = [mp].[FK_FileNames])
WHERE
	[fn].[FileName] = 'WMIPRVSE.EXE' AND
	[se].[BehaviorProcessCreateProcess] = 1 AND
	(
		[se].[FileName_Target] = 'POWERSHELL.EXE' OR
		(
			[se].[FileName_Target] = 'CMD.EXE' AND
			[se].[LaunchArguments_Target] LIKE '%CMD%/[C,K]%POWERSHELL%'
		)
	)
OPTION (RECOMPILE);
Creates_Suspicious_Service_Running_Command_Shell.sql	Creates suspicious service running command shell	1	

SELECT DISTINCT
	[se].[FK_Machines],
	[se].[FK_MachineModulePaths],
	[se].[PK_WinTrackingEvents] AS [FK_mocSentinelEvents]
FROM
	[dbo].[WinTrackingEventsCache] AS [se] WITH(NOLOCK)
WHERE 
	[se].[BehaviorProcessCreateProcess] = 1 AND
	[se].[FileName_Target] = 'SC.EXE' AND 
	[se].[LaunchArguments_Target] LIKE '%CREATE %BINPATH= %CMD%/[C,K]%'
OPTION (RECOMPILE);
HTTP_Daemon_Runs_Command_Shell.sql	HTTP daemon runs command shell	1	

SELECT DISTINCT
	[mp].[FK_Machines] AS [FK_Machines],
	[mp].[PK_MachineModulePaths] AS [FK_MachineModulePaths],
	[se].[PK_WinTrackingEvents] AS [FK_mocSentinelEvents]
FROM
	[dbo].[WinTrackingEventsCache] AS [se] WITH(NOLOCK) 
	INNER JOIN [dbo].[MachineModulePaths] AS [mp] WITH(NOLOCK) ON ([mp].[PK_MachineModulePaths] = [se].[FK_MachineModulePaths])
	INNER JOIN [dbo].[FileNames] AS [fn] WITH(NOLOCK) ON ([fn].[PK_FileNames] = [mp].[FK_FileNames])
WHERE
	[se].[BehaviorProcessCreateProcess] = 1 AND
	(
		[fn].[FileName] = 'W3WP.EXE' OR
		[fn].[FileName] = 'HTTPD.EXE' OR
		[fn].[FileName] LIKE 'COLDFUSION%.EXE' OR
		[fn].[FileName] LIKE 'TOMCAT%.EXE'
	) AND
	[se].[FileName_Target] = 'CMD.EXE' 
OPTION (RECOMPILE);

Written_By_IIS_Worker_Process.sql	Written by IIS worker process	1	

SELECT DISTINCT
	[smp].[FK_Machines] AS [FK_Machines],
	[smp].[PK_MachineModulePaths] AS [FK_MachineModulePaths],
	[sse].[RowSipHash] AS [FK_mocSentinelEvents]
FROM
	[dbo].[WinTrackingEventsCache] AS [sse] WITH(NOLOCK) 
	INNER JOIN [dbo].[MachineModulePaths] AS [smp] WITH(NOLOCK) ON ([smp].[PK_MachineModulePaths] = [sse].[FK_MachineModulePaths])
	INNER JOIN [dbo].[Modules] AS [mo] WITH(NOLOCK) ON ([mo].[PK_Modules] = [smp].[FK_Modules])
	INNER JOIN [dbo].[WinTrackingEventsCache] AS [tse] WITH(NOLOCK) ON ([tse].[HashSHA256_Target] = [mo].[HashSHA256] AND [tse].[FK_Machines] = [smp].[FK_Machines])
	INNER JOIN [dbo].[MachineModulePaths] AS [tmp] WITH(NOLOCK) ON ([tmp].[PK_MachineModulePaths] = [tse].[FK_MachineModulePaths])
	INNER JOIN [dbo].[FileNames] AS [tfn] WITH(NOLOCK) ON ([tfn].[PK_FileNames] = [tmp].[FK_FileNames])
WHERE
	[smp].[FK_Modules] != -1 AND
	(
		[tse].[BehaviorFileWriteExecutable] = 1 OR
		[tse].[BehaviorFileRenameToExecutable] = 1
	) AND
	[tfn].[FileName] = 'W3WP.EXE' AND
	(
		[mo].[ModuleTypeDLL] = 0 AND
		(
			[mo].[ModulePE32] = 1 OR
			[mo].[ModulePE64] = 1
		)
	) AND
	[smp].[MarkedAsDeleted] = 0 -- Testing MarkedAsDeleted on MP instead of SE for Events
OPTION (RECOMPILE);

Written_by_Monitored_Application.sql	Written by monitored application	1	

SELECT DISTINCT
	[smp].[FK_Machines] AS [FK_Machines],
	[smp].[PK_MachineModulePaths] AS [FK_MachineModulePaths],
	[sse].[RowSipHash] AS [FK_mocSentinelEvents]
FROM
	[dbo].[WinTrackingEventsCache] AS [sse] WITH(NOLOCK) 
	INNER JOIN [dbo].[MachineModulePaths] AS [smp] WITH(NOLOCK) ON ([smp].[PK_MachineModulePaths] = [sse].[FK_MachineModulePaths])
	INNER JOIN [dbo].[Modules] AS [mo] WITH(NOLOCK) ON ([mo].[PK_Modules] = [smp].[FK_Modules])
	INNER JOIN [dbo].[WinTrackingEventsCache] AS [tse] WITH(NOLOCK) ON ([tse].[HashSHA256_Target] = [mo].[HashSHA256] AND [tse].[FK_Machines] = [smp].[FK_Machines])
	INNER JOIN [dbo].[MachineModulePaths] AS [tmp] WITH(NOLOCK) ON ([tmp].[PK_MachineModulePaths] = [tse].[FK_MachineModulePaths])
	INNER JOIN [dbo].[FileNames] AS [tfn] WITH(NOLOCK) ON ([tfn].[PK_FileNames] = [tmp].[FK_FileNames])
WHERE
	[smp].[FK_Modules] != -1 AND
	(
		[tse].[BehaviorFileWriteExecutable] = 1 OR
		[tse].[BehaviorFileRenameToExecutable] = 1
	) AND
	[tfn].[FileName] IN ('WINWORD.EXE','EXCEL.EXE','POWERPNT.EXE','ACRORD32.EXE') AND
	(
		[mo].[ModuleTypeDLL] = 0 AND
		(
			[mo].[ModulePE32] = 1 OR
			[mo].[ModulePE64] = 1
		)
	) AND
	[smp].[MarkedAsDeleted] = 0 -- Testing MarkedAsDeleted on MP instead of SE for Events
OPTION (RECOMPILE);

HTTP_Daemon_Drops_And_Executes_File.sql	HTTP daemon drops and executes file	1	

WITH BOTH_EVENTS AS
(
SELECT
	[se].[FK_Machines],
	[se].[FK_MachineModulePaths],
	[se].[FileName_Target],
	[se].[Path_Target],
	MAX(CAST([se].[BehaviorProcessCreateProcess] AS INT)) AS [CreateProcess],
	MAX(CAST([se].[BehaviorFileWriteExecutable] AS INT)) AS [WriteExecutable],
	MAX(CAST([se].[BehaviorFileRenameToExecutable] AS INT)) AS [RenameToExecutable],
	MAX([se].[PK_WinTrackingEvents]) AS [PK_WinTrackingEvents]
FROM
	[dbo].[WinTrackingEventsCache] AS [se] WITH(NOLOCK)
	INNER JOIN [dbo].[MachineModulePaths] AS [mp] WITH(NOLOCK) ON ([mp].[PK_MachineModulePaths] = [se].[FK_MachineModulePaths])
	INNER JOIN [dbo].[FileNames] AS [fn] WITH(NOLOCK) ON ([fn].[PK_FileNames] = [mp].[FK_FileNames])
WHERE
	(
		[fn].[FileName] = 'W3WP.EXE' OR
		[fn].[FileName] = 'HTTPD.EXE' OR
		[fn].[FileName] = 'COLDFUSION%.EXE' OR
		[fn].[FileName] = 'TOMCAT%.EXE'
	) AND	
	(
		[se].[BehaviorProcessCreateProcess] = 1 OR
		(
			[se].[BehaviorFileWriteExecutable] = 1 OR
			[se].[BehaviorFileRenameToExecutable] = 1
		)
	) 
GROUP BY
	[se].[FK_Machines],
	[se].[FK_MachineModulePaths],
	[se].[FileName_Target],
	[se].[Path_Target]
)
SELECT DISTINCT
	[be].[FK_Machines],
	[be].[FK_MachineModulePaths],
	[be].[PK_WinTrackingEvents]
FROM
	BOTH_EVENTS AS [be]
WHERE
	[be].[CreateProcess] = 1 AND
	(
		[be].[WriteExecutable] = 1 OR
		[be].[RenameToExecutable] = 1
	)
OPTION (RECOMPILE);

HTTP_Daemon_Creates_Executable.sql	HTTP daemon creates executable	1	

SELECT DISTINCT
	[mp].[FK_Machines] AS [FK_Machines],
	[mp].[PK_MachineModulePaths] AS [FK_MachineModulePaths],
	[se].[PK_WinTrackingEvents] AS [FK_mocSentinelEvents]
FROM
	[dbo].[WinTrackingEventsCache] AS [se] WITH(NOLOCK) 
	INNER JOIN [dbo].[MachineModulePaths] AS [mp] WITH(NOLOCK) ON ([mp].[PK_MachineModulePaths] = [se].[FK_MachineModulePaths])
	INNER JOIN [dbo].[FileNames] AS [fn] WITH(NOLOCK) ON ([fn].[PK_FileNames] = [mp].[FK_FileNames])
WHERE
	(
		[se].[BehaviorFileWriteExecutable] = 1 OR
		[se].[BehaviorFileRenameToExecutable] = 1
	) AND
	(
		[fn].[FileName] = 'W3WP.EXE' OR
		[fn].[FileName] = 'HTTPD.EXE' OR
		[fn].[FileName] LIKE 'COLDFUSION%.EXE' OR
		[fn].[FileName] LIKE 'TOMCAT%.EXE'
	) AND
	[se].[FileName_Target] LIKE '%.EXE' 
OPTION (RECOMPILE);

Enumerates_Domain_Groups.sql	Enumerates domain groups	1	
   
SELECT DISTINCT
	[se].[FK_Machines],
	[se].[FK_MachineModulePaths],
	[se].[PK_WinTrackingEvents] AS [FK_mocSentinelEvents]
FROM
	[dbo].[WinTrackingEventsCache] AS [se] WITH(NOLOCK)
WHERE
	[se].[BehaviorProcessCreateProcess] = 1 AND
	[se].[FileName_Target] = 'NET.EXE' AND
	(
		(
			REPLACE([se].[LaunchArguments_Target],' ','') LIKE '%GROUP/DOMAIN' OR
			REPLACE([se].[LaunchArguments_Target],' ','') LIKE '%GROUP/DOMAI' OR
			REPLACE([se].[LaunchArguments_Target],' ','') LIKE '%GROUP/DOMA' OR
			REPLACE([se].[LaunchArguments_Target],' ','') LIKE '%GROUP/DOM' OR
			REPLACE([se].[LaunchArguments_Target],' ','') LIKE '%GROUP/DO'
		) OR
		(
			REPLACE([se].[LaunchArguments_Target],' ','') LIKE '%/DOMAINGROUP' OR
			REPLACE([se].[LaunchArguments_Target],' ','') LIKE '%/DOMAIGROUP' OR
			REPLACE([se].[LaunchArguments_Target],' ','') LIKE '%/DOMAGROUP' OR
			REPLACE([se].[LaunchArguments_Target],' ','') LIKE '%/DOMGROUP' OR
			REPLACE([se].[LaunchArguments_Target],' ','') LIKE '%/DOGROUP'
		)
	)
OPTION (RECOMPILE);
Enumerates_Domain_Administrators.sql	Enumerates domain administrators	1	
   
SELECT DISTINCT
	[se].[FK_Machines],
	[se].[FK_MachineModulePaths],
	[se].[PK_WinTrackingEvents] AS [FK_mocSentinelEvents]
FROM
	[dbo].[WinTrackingEventsCache] AS [se] WITH(NOLOCK)
WHERE
	[se].[BehaviorProcessCreateProcess] = 1 AND
	[se].[FileName_Target] = 'NET.EXE' AND
	[se].[LaunchArguments_Target] LIKE '%GROUP %' AND
	[se].[LaunchArguments_Target] LIKE '%DOMAIN ADMINS%' AND
	[se].[LaunchArguments_Target] LIKE '%/DO%' AND 
	[se].[LaunchArguments_Target] NOT LIKE '%/DE%' AND 
	[se].[LaunchArguments_Target] NOT LIKE '%/AD%'
OPTION (RECOMPILE);
Schedules_Remote_Task.sql	Schedules remote task	1	
   
SELECT DISTINCT
	[se].[FK_Machines],
	[se].[FK_MachineModulePaths],
	[se].[PK_WinTrackingEvents] AS [FK_mocSentinelEvents]
FROM
	[dbo].[WinTrackingEventsCache] AS [se] WITH(NOLOCK)
WHERE
	[se].[BehaviorProcessCreateProcess] = 1 AND
	(
		(
			[se].[FileName_Target] = 'AT.EXE' AND 
			[se].[LaunchArguments_Target] LIKE '%\\% %:%'
		)
		OR
		(
			[se].[FileName_Target] = 'SCHTASKS.EXE' AND 
			[se].[LaunchArguments_Target] LIKE '%/CREATE %' AND
			[se].[LaunchArguments_Target] LIKE '%/S %' AND
			[se].[LaunchArguments_Target] NOT LIKE '%/S /%' AND
			[se].[LaunchArguments_Target] NOT LIKE '%/S' AND
			[se].[LaunchArguments_Target] NOT LIKE '%localhost%' AND
			[se].[LaunchArguments_Target] NOT LIKE '%127.0.0.1%'
		)
	)
OPTION (RECOMPILE);
Gets_Remote_Time.sql	Gets remote time	1	
   
SELECT DISTINCT
	[se].[FK_Machines],
	[se].[FK_MachineModulePaths],
	[se].[PK_WinTrackingEvents] AS [FK_mocSentinelEvents]
FROM
	[dbo].[WinTrackingEventsCache] AS [se] WITH(NOLOCK)
WHERE
	[se].[BehaviorProcessCreateProcess] = 1 AND
	[se].[FileName_Target] = 'NET.EXE' AND
	[se].[LaunchArguments_Target] LIKE '%TIME %\\%' AND 
	[se].[LaunchArguments_Target] NOT LIKE '%/SET%'
OPTION (RECOMPILE);
Creates_Remote_Process_Using_Wmic.sql	Creates remote process using wmic	1	
   
SELECT DISTINCT
	[se].[FK_Machines],
	[se].[FK_MachineModulePaths],
	[se].[PK_WinTrackingEvents] AS [FK_mocSentinelEvents]
FROM
	[dbo].[WinTrackingEventsCache] AS [se] WITH(NOLOCK)
WHERE
	[se].[BehaviorProcessCreateProcess] = 1 AND
	[se].[FileName_Target] = N'WMIC.EXE' AND 
	[se].[LaunchArguments_Target] LIKE N'%/NODE:%' AND
	[se].[LaunchArguments_Target] LIKE N'%PROCESS CALL CREATE%'
OPTION (RECOMPILE);
Clears_Security_Event_Log.sql	Clears security event log	1	

SELECT DISTINCT
	[se].[FK_Machines],
	[se].[FK_MachineModulePaths],
	[se].[PK_WinTrackingEvents] AS [FK_mocSentinelEvents]
FROM
	[dbo].[WinTrackingEventsCache] AS [se] WITH(NOLOCK)
WHERE
	[se].[BehaviorProcessCreateProcess] = 1 AND
	(
		[se].[FileName_Target] = N'WEVTUTIL.EXE' AND -- Clear event log
		(
			[se].[LaunchArguments_Target] LIKE N'% cl %Security%' OR
			[se].[LaunchArguments_Target] LIKE N'% clear-log %Security%'
		) 
	) OR
	(
		[se].[FileName_Target] = N'WMIC.EXE' AND -- Clear event log
		[se].[LaunchArguments_Target] LIKE N'% ClearEventLog%Security%'
	)
OPTION (RECOMPILE);
Runs_Powershell_Invoke-Mimikatz.sql	Runs powershell Invoke-Mimikatz function	1	
   
SELECT DISTINCT
	[se].[FK_Machines],
	[se].[FK_MachineModulePaths],
	[se].[PK_WinTrackingEvents] AS [FK_mocSentinelEvents]
FROM
	[dbo].[WinTrackingEventsCache] AS [se] WITH(NOLOCK)
WHERE
	[se].[BehaviorProcessCreateProcess] = 1 AND
	[se].[FileName_Target] = 'POWERSHELL.EXE' AND
	[se].[LaunchArguments_Target] LIKE '%Invoke-Mimikatz%'
OPTION (RECOMPILE);
Configures_Port_Redirection.sql	Configures port redirection	1	
   
SELECT DISTINCT
	[se].[FK_Machines],
	[se].[FK_MachineModulePaths],
	[se].[PK_WinTrackingEvents] AS [FK_mocSentinelEvents]
FROM
	[dbo].[WinTrackingEventsCache] AS [se] WITH(NOLOCK)
WHERE
	[se].[BehaviorProcessCreateProcess] = 1 AND
	[se].[FileName_Target] = 'NETSH.EXE' AND 
	[se].[LaunchArguments_Target] LIKE '%i%p%a%v[4,6]%l%=%c%=%'
OPTION (RECOMPILE);
Starts_Remote_Service.sql	Starts remote service	1	

SELECT DISTINCT
	[se].[FK_Machines],
	[se].[FK_MachineModulePaths],
	[se].[PK_WinTrackingEvents] AS [FK_mocSentinelEvents]
FROM
	[dbo].[WinTrackingEventsCache] AS [se] WITH(NOLOCK)
WHERE 
	[se].[BehaviorProcessCreateProcess] = 1 AND
	[se].[FileName_Target] = 'SC.EXE' AND 
	[se].[LaunchArguments_Target] LIKE '%\\% start %'
OPTION (RECOMPILE);
Runs_Remote_Powershell_Command.sql	Runs remote powershell command	1	
   
SELECT DISTINCT
	[se].[FK_Machines],
	[se].[FK_MachineModulePaths],
	[se].[PK_WinTrackingEvents] AS [FK_mocSentinelEvents]
FROM
	[dbo].[WinTrackingEventsCache] AS [se] WITH(NOLOCK)
	INNER JOIN [dbo].[MachineModulePaths] AS [mp] WITH(NOLOCK) ON ([mp].[PK_MachineModulePaths] = [se].[FK_MachineModulePaths])
WHERE
	[se].[BehaviorProcessCreateProcess] = 1 AND
	[se].[FileName_Target] = 'POWERSHELL.EXE' AND
	(
		[se].[LaunchArguments_Target] LIKE N'%Invoke-Command%' OR
		[se].[LaunchArguments_Target] LIKE N'%ICM%'
	) AND
	[se].[LaunchArguments_Target] LIKE N'%-Comp%' AND
	(
		[se].[LaunchArguments_Target] LIKE N'%-Sc%' OR
		[se].[LaunchArguments_Target] LIKE N'%-F%'
	) AND
	[mp].[MarkedAsDeleted] = 0
Office_Application_Runs_Powershell.sql	Office application runs powershell	1	

SELECT DISTINCT
	[se].[FK_Machines],
	[se].[FK_MachineModulePaths],
	[se].[PK_WinTrackingEvents] AS [FK_mocSentinelEvents]
FROM
	[dbo].[WinTrackingEventsCache] AS [se] WITH(NOLOCK) 
	INNER JOIN [dbo].[MachineModulePaths] AS [mp] WITH(NOLOCK) ON ([mp].[PK_MachineModulePaths] = [se].[FK_MachineModulePaths])
	INNER JOIN [dbo].[FileNames] AS [fn] WITH(NOLOCK) ON ([fn].[PK_FileNames] = [mp].[FK_FileNames])
WHERE
	[se].[BehaviorProcessCreateProcess] = 1 AND
	[fn].[FileName] IN ('WINWORD.EXE','EXCEL.EXE','POWERPNT.EXE') AND
	(
		[se].[FileName_Target] = 'POWERSHELL.EXE' OR
		(
			[se].[FileName_Target] = 'CMD.EXE' AND
			[se].[LaunchArguments_Target] LIKE '%CMD%/[C,K]%POWERSHELL%'
		)
	)
OPTION (RECOMPILE);

Mshta_Runs_Powershell.sql	Mshta runs powershell	1	
   
SELECT DISTINCT
	[se].[FK_Machines],
	[se].[FK_MachineModulePaths],
	[se].[PK_WinTrackingEvents] AS [FK_mocSentinelEvents]
FROM
	[dbo].[WinTrackingEventsCache] AS [se] WITH(NOLOCK)
	INNER JOIN [dbo].[MachineModulePaths] AS [mp] WITH(NOLOCK) ON ([mp].[PK_MachineModulePaths] = [se].[FK_MachineModulePaths])
	INNER JOIN [dbo].[FileNames] AS [fn] WITH(NOLOCK) ON ([fn].[PK_FileNames] = [mp].[FK_FileNames])
WHERE
	[fn].[FileName] = 'MSHTA.EXE' AND
	[se].[BehaviorProcessCreateProcess] = 1 AND
	[se].[FileName_Target] = 'POWERSHELL.EXE'
OPTION (RECOMPILE);
Modifies_Windows_System_Policy.sql	Modifies windows system policy	1	

SELECT DISTINCT
	[mp].[FK_Machines] AS [FK_Machines],
	[mp].[PK_MachineModulePaths] AS [FK_MachineModulePaths],
	[se].[PK_WinTrackingEvents] AS [FK_mocSentinelEvents]
FROM
	[dbo].[WinTrackingEventsCache] AS [se] WITH(NOLOCK)
	INNER JOIN [dbo].[MachineModulePaths] AS [mp] WITH(NOLOCK) ON ([mp].[PK_MachineModulePaths] = [se].[FK_MachineModulePaths])
	INNER JOIN [dbo].[Modules] AS [mo] WITH(NOLOCK) ON ([mo].[PK_Modules] = [mp].[FK_Modules])
WHERE 
	[mo].[ModuleSignatureMicrosoft] = 0 AND
	[se].[BehaviorRegistryModifyWindowsSystemPolicy] = 1
OPTION (RECOMPILE);
Modifies_Task_Manager_Setting.sql	Modifies task manager setting	1	

SELECT DISTINCT
	[mp].[FK_Machines] AS [FK_Machines],
	[mp].[PK_MachineModulePaths] AS [FK_MachineModulePaths],
	[se].[PK_WinTrackingEvents] AS [FK_mocSentinelEvents]
FROM
	[dbo].[WinTrackingEventsCache] AS [se] WITH(NOLOCK)
	INNER JOIN [dbo].[MachineModulePaths] AS [mp] WITH(NOLOCK) ON ([mp].[PK_MachineModulePaths] = [se].[FK_MachineModulePaths])
	INNER JOIN [dbo].[Modules] AS [mo] WITH(NOLOCK) ON ([mo].[PK_Modules] = [mp].[FK_Modules])
WHERE 
	[mo].[ModuleSignatureMicrosoft] = 0 AND
	[se].[BehaviorRegistryModifyTaskManagerSetting] = 1
OPTION (RECOMPILE);
Modifies_Services_ImagePath.sql	Modifies services ImagePath	1	

SELECT DISTINCT
	[mp].[FK_Machines] AS [FK_Machines],
	[mp].[PK_MachineModulePaths] AS [FK_MachineModulePaths],
	[se].[PK_WinTrackingEvents] AS [FK_mocSentinelEvents]
FROM
	[dbo].[WinTrackingEventsCache] AS [se] WITH(NOLOCK)
	INNER JOIN [dbo].[MachineModulePaths] AS [mp] WITH(NOLOCK) ON ([mp].[PK_MachineModulePaths] = [se].[FK_MachineModulePaths])
	INNER JOIN [dbo].[Modules] AS [mo] WITH(NOLOCK) ON ([mo].[PK_Modules] = [mp].[FK_Modules])
WHERE 
	[mo].[ModuleSignatureMicrosoft] = 0 AND
	[se].[BehaviorRegistryModifyServicesImagePath] = 1
OPTION (RECOMPILE);
Modifies_Security_Center_Config.sql	Modifies security center config	1	

SELECT DISTINCT
	[mp].[FK_Machines] AS [FK_Machines],
	[mp].[PK_MachineModulePaths] AS [FK_MachineModulePaths],
	[se].[PK_WinTrackingEvents] AS [FK_mocSentinelEvents]
FROM
	[dbo].[WinTrackingEventsCache] AS [se] WITH(NOLOCK)
	INNER JOIN [dbo].[MachineModulePaths] AS [mp] WITH(NOLOCK) ON ([mp].[PK_MachineModulePaths] = [se].[FK_MachineModulePaths])
	INNER JOIN [dbo].[Modules] AS [mo] WITH(NOLOCK) ON ([mo].[PK_Modules] = [mp].[FK_Modules])
WHERE 
	[mo].[ModuleSignatureMicrosoft] = 0 AND
	[se].[BehaviorRegistryModifySecurityCenterConfiguration] = 1
OPTION (RECOMPILE);
Modifies_Registry_Editor_Setting.sql	Modifies registry editor setting	1	

SELECT DISTINCT
	[mp].[FK_Machines] AS [FK_Machines],
	[mp].[PK_MachineModulePaths] AS [FK_MachineModulePaths],
	[se].[PK_WinTrackingEvents] AS [FK_mocSentinelEvents]
FROM
	[dbo].[WinTrackingEventsCache] AS [se] WITH(NOLOCK)
	INNER JOIN [dbo].[MachineModulePaths] AS [mp] WITH(NOLOCK) ON ([mp].[PK_MachineModulePaths] = [se].[FK_MachineModulePaths])
	INNER JOIN [dbo].[Modules] AS [mo] WITH(NOLOCK) ON ([mo].[PK_Modules] = [mp].[FK_Modules])
WHERE 
	[mo].[ModuleSignatureMicrosoft] = 0 AND
	[se].[BehaviorRegistryModifyRegistryEditorSetting] = 1
OPTION (RECOMPILE);
Modifies_LUA_Setting.sql	Modifies LUA setting	1	

SELECT DISTINCT
	[mp].[FK_Machines] AS [FK_Machines],
	[mp].[PK_MachineModulePaths] AS [FK_MachineModulePaths],
	[se].[PK_WinTrackingEvents] AS [FK_mocSentinelEvents]
FROM
	[dbo].[WinTrackingEventsCache] AS [se] WITH(NOLOCK)
	INNER JOIN [dbo].[MachineModulePaths] AS [mp] WITH(NOLOCK) ON ([mp].[PK_MachineModulePaths] = [se].[FK_MachineModulePaths])
	INNER JOIN [dbo].[Modules] AS [mo] WITH(NOLOCK) ON ([mo].[PK_Modules] = [mp].[FK_Modules])
WHERE 
	[mo].[ModuleSignatureMicrosoft] = 0 AND
	[se].[BehaviorRegistryModifyLUASetting] = 1
OPTION (RECOMPILE);
Modifies_Firewall_Policy.sql	Modifies firewall policy	1	

SELECT DISTINCT
	[mp].[FK_Machines] AS [FK_Machines],
	[mp].[PK_MachineModulePaths] AS [FK_MachineModulePaths],
	[se].[PK_WinTrackingEvents] AS [FK_mocSentinelEvents]
FROM
	[dbo].[WinTrackingEventsCache] AS [se] WITH(NOLOCK)
	INNER JOIN [dbo].[MachineModulePaths] AS [mp] WITH(NOLOCK) ON ([mp].[PK_MachineModulePaths] = [se].[FK_MachineModulePaths])
	INNER JOIN [dbo].[Modules] AS [mo] WITH(NOLOCK) ON ([mo].[PK_Modules] = [mp].[FK_Modules])
WHERE 
	[mo].[ModuleSignatureMicrosoft] = 0 AND
	[se].[BehaviorRegistryModifyFirewallPolicy] = 1
OPTION (RECOMPILE);
Unsigned_Creates_Remote_Thread.sql	Unsigned creates remote thread	1	

SELECT DISTINCT
	[mp].[FK_Machines] AS [FK_Machines],
	[mp].[PK_MachineModulePaths] AS [FK_MachineModulePaths],
	[se].[PK_WinTrackingEvents] AS [FK_mocSentinelEvents]
FROM
	[dbo].[WinTrackingEventsCache] AS [se] WITH(NOLOCK)
	INNER JOIN [dbo].[MachineModulePaths] AS [mp] WITH(NOLOCK) ON ([mp].[PK_MachineModulePaths] = [se].[FK_MachineModulePaths])
	INNER JOIN [dbo].[Modules] AS [mo] WITH(NOLOCK) ON ([mo].[PK_Modules] = [mp].[FK_Modules])
WHERE 
	[mo].[ModuleSignaturePresent] = 0 AND
	[se].[BehaviorProcessCreateRemoteThread] = 1
OPTION (RECOMPILE);
Unsigned_Copy_Itself_Autorun.sql	Unsigned copy itself autorun	1	

WITH IOCS_MODULES_MACHINES AS
(
	SELECT
		[ie].[FK_Modules] AS [FK_Modules],
		[ie].[FK_Machines] AS [FK_Machines]
	FROM
		[dbo].[IOCEvaluation] AS [ie] WITH(NOLOCK)
		INNER JOIN [dbo].[IOCQuery] AS [iq] WITH(NOLOCK) ON ([iq].[PK_IOCQuery] = [ie].[FK_IOCQuery])
	WHERE
		[iq].[IOCQueryID] = '31E7E202-DD03-0048-BDE4-33E2E8A3E0EE' -- Unsigned copy itself
	INTERSECT
	SELECT
		[ie].[FK_Modules] AS [FK_Modules],
		[ie].[FK_Machines] AS [FK_Machines]
	FROM
		[dbo].[IOCEvaluation] AS [ie] WITH(NOLOCK)
		INNER JOIN [dbo].[IOCQuery] AS [iq] WITH(NOLOCK) ON ([iq].[PK_IOCQuery] = [ie].[FK_IOCQuery])
	WHERE
		[iq].[IOCQueryID] = '31E7E201-DD03-0041-BDE4-33E2E8A3E0EE' -- Autorun
)
SELECT DISTINCT
	[mp].[FK_Machines] AS [FK_Machines],
	[mp].[PK_MachineModulePaths] AS [FK_MachineModulePaths],
	MAX([ie].[FK_mocTrackingEvents]) AS [FK_mocTrackingEvents]
FROM
	[dbo].[MachineModulePaths] AS [mp] WITH(NOLOCK)
	INNER JOIN [dbo].[MachinesToEvaluate] AS [me] WITH(NOLOCK) ON ([me].[RK_Machines] = [mp].[FK_Machines])
	INNER JOIN IOCS_MODULES_MACHINES AS [mm] ON ([mm].[FK_Modules] = [mp].[FK_Modules] AND [mm].[FK_Machines] = [mp].[FK_Machines])
	INNER JOIN [dbo].[IOCEvaluation] AS [ie] ON ([mm].[FK_Modules] = [ie].[FK_Modules] AND [mm].[FK_Machines] = [ie].[FK_Machines])
WHERE
	[mp].[MarkedAsDeleted] = 0
GROUP BY [mp].[FK_Machines] ,[mp].[PK_MachineModulePaths] 
OPTION (RECOMPILE);
Creates_Process_and_Creates_Remote_Thread_On_Same_File.sql	Creates process and creates remote thread on same file	1	

WITH BOTH_EVENTS AS
(
SELECT
	[se].[FK_Machines],
	[se].[FK_MachineModulePaths],
	MAX(CAST([se].[BehaviorProcessCreateProcess] AS INT)) AS [CreateProcess],
	MAX(CAST([se].[BehaviorProcessCreateRemoteThread] AS INT)) AS [CreateRemoteThread],
	MAX([se].[PK_WinTrackingEvents]) AS [PK_WinTrackingEvents]
FROM
	[dbo].[WinTrackingEventsCache] AS [se] WITH(NOLOCK)
WHERE
	(
		[se].[BehaviorProcessCreateProcess] = 1 OR
		[se].[BehaviorProcessCreateRemoteThread] = 1
	)
GROUP BY
	[se].[FK_Machines],
	[se].[FK_MachineModulePaths],
	[se].[Path_Target],
	[se].[FileName_Target]
)
SELECT DISTINCT
	[be].[FK_Machines],
	[be].[FK_MachineModulePaths],
	[be].[PK_WinTrackingEvents]
FROM
	BOTH_EVENTS AS [be]
WHERE
	[be].[CreateProcess] = 1 AND
	[be].[CreateRemoteThread] = 1
OPTION (RECOMPILE);

Unsigned_Writes_Executable_To_Important_Windows_Directory.sql	Unsigned writes executable to important Windows directory	1	

SELECT DISTINCT
	[se].[FK_Machines] AS [FK_Machines],
	[se].[FK_MachineModulePaths] AS [FK_MachineModulePaths],
	[se].[PK_WinTrackingEvents] AS [FK_mocSentinelEvents]
FROM
	[dbo].[WinTrackingEventsCache] AS [se] WITH(NOLOCK)
	INNER JOIN [dbo].[MachineModulePaths] AS [mp] WITH(NOLOCK) ON ([mp].[PK_MachineModulePaths] = [se].[FK_MachineModulePaths])
	INNER JOIN [dbo].[Modules] AS [mo] WITH(NOLOCK) ON ([mo].[PK_Modules] = [mp].[FK_Modules])
WHERE 
	[mo].[ModuleSignaturePresent] = 0 AND
	(
		[se].[BehaviorFileWriteExecutable] = 1 OR
		[se].[BehaviorFileRenameToExecutable] = 1
	) AND
	(
		REVERSE([se].[Path_Target]) LIKE REVERSE(N'_:\WINDOWS\') OR
		REVERSE([se].[Path_Target]) LIKE REVERSE(N'_:\WINDOWS\SYSTEM32\') OR
		REVERSE([se].[Path_Target]) LIKE REVERSE(N'_:\WINDOWS\SYSTEM32\DRIVERS\') OR
		REVERSE([se].[Path_Target]) LIKE REVERSE(N'_:\WINNT\') OR
		REVERSE([se].[Path_Target]) LIKE REVERSE(N'_:\WINNT\SYSTEM32\') OR
		REVERSE([se].[Path_Target]) LIKE REVERSE(N'_:\WINNT\SYSTEM32\DRIVERS\')
	)
OPTION (RECOMPILE);


Unsigned_Create_Process_on_SVCHOST.sql	Unsigned create process on SVCHOST.EXE	1	

SELECT DISTINCT
	[mp].[FK_Machines] AS [FK_Machines],
	[mp].[PK_MachineModulePaths] AS [FK_MachineModulePaths],
	[se].[PK_WinTrackingEvents] AS [FK_mocSentinelEvents]
FROM
	[dbo].[WinTrackingEventsCache] AS [se] WITH(NOLOCK)
	INNER JOIN [dbo].[MachineModulePaths] AS [mp] WITH(NOLOCK) ON ([mp].[PK_MachineModulePaths] = [se].[FK_MachineModulePaths])
	INNER JOIN [dbo].[Modules] AS [mo] WITH(NOLOCK) ON ([mo].[PK_Modules] = [mp].[FK_Modules])
WHERE 
	[mo].[ModuleSignaturePresent] = 0 AND
	[se].[BehaviorProcessCreateProcess] = 1 AND
	[se].[FileName_Target] = 'SVCHOST.EXE'
OPTION (RECOMPILE);
Unsigned_Creates_Remote_Thread_Runs_Command_Shell.sql	Unsigned creates remote thread & runs command shell	1	

WITH IOCS_MODULES_MACHINES AS
(
	SELECT
		[ie].[FK_Modules] AS [FK_Modules],
		[ie].[FK_Machines] AS [FK_Machines]
	FROM
		[dbo].[IOCEvaluation] AS [ie] WITH(NOLOCK)
		INNER JOIN [dbo].[IOCQuery] AS [iq] WITH(NOLOCK) ON ([iq].[PK_IOCQuery] = [ie].[FK_IOCQuery])
		INNER JOIN [dbo].[OSTypes] AS [ot] WITH(NOLOCK) ON ([ot].[PK_OSTypes] = [iq].[FK_OSTypes])
	WHERE
		[iq].[IOCQueryID] = '31E7E202-DD03-000C-BDE4-33E2E8A3E0EE' -- Unsigned_Creates_Remote_Thread.sql
	INTERSECT
	SELECT
		[ie].[FK_Modules] AS [FK_Modules],
		[ie].[FK_Machines] AS [FK_Machines]
	FROM
		[dbo].[IOCEvaluation] AS [ie] WITH(NOLOCK)
		INNER JOIN [dbo].[IOCQuery] AS [iq] WITH(NOLOCK) ON ([iq].[PK_IOCQuery] = [ie].[FK_IOCQuery])
		INNER JOIN [dbo].[OSTypes] AS [ot] WITH(NOLOCK) ON ([ot].[PK_OSTypes] = [iq].[FK_OSTypes])
	WHERE
		[iq].[IOCQueryID] = '31E7E202-DD03-0012-BDE4-33E2E8A3E0EE' -- Runs_CMD.sql
)
SELECT DISTINCT
	[mp].[FK_Machines] AS [FK_Machines],
	[mp].[PK_MachineModulePaths] AS [FK_MachineModulePaths],
	MAX([ie].[FK_mocTrackingEvents]) AS [FK_mocTrackingEvents]
FROM
	[dbo].[MachineModulePaths] AS [mp] WITH(NOLOCK)
	INNER JOIN [dbo].[MachinesToEvaluate] AS [me] WITH(NOLOCK) ON ([me].[RK_Machines] = [mp].[FK_Machines])
	INNER JOIN IOCS_MODULES_MACHINES AS [mm] ON ([mm].[FK_Modules] = [mp].[FK_Modules] AND [mm].[FK_Machines] = [mp].[FK_Machines])
	INNER JOIN [dbo].[IOCEvaluation] AS [ie] ON ([mm].[FK_Modules] = [ie].[FK_Modules] AND [mm].[FK_Machines] = [ie].[FK_Machines])
GROUP BY [mp].[FK_Machines] ,[mp].[PK_MachineModulePaths] 
OPTION (RECOMPILE);
Modifies_Bad_Certificate_Warning_Setting.sql	Modifies bad certificate warning setting	1	

SELECT DISTINCT
	[mp].[FK_Machines] AS [FK_Machines],
	[mp].[PK_MachineModulePaths] AS [FK_MachineModulePaths],
	[se].[PK_WinTrackingEvents] AS [FK_mocSentinelEvents]
FROM
	[dbo].[WinTrackingEventsCache] AS [se] WITH(NOLOCK)
	INNER JOIN [dbo].[MachineModulePaths] AS [mp] WITH(NOLOCK) ON ([mp].[PK_MachineModulePaths] = [se].[FK_MachineModulePaths])
	INNER JOIN [dbo].[Modules] AS [mo] WITH(NOLOCK) ON ([mo].[PK_Modules] = [mp].[FK_Modules])
WHERE 
	[mo].[ModuleSignatureMicrosoft] = 0 AND
	[se].[BehaviorRegistryModifyBadCertificateWarningSetting] = 1
OPTION (RECOMPILE);
Modifies_Zone_Crossing_Warning_Setting.sql	Modifies zone crossing warning setting	1	

SELECT DISTINCT
	[mp].[FK_Machines] AS [FK_Machines],
	[mp].[PK_MachineModulePaths] AS [FK_MachineModulePaths],
	[se].[PK_WinTrackingEvents] AS [FK_mocSentinelEvents]
FROM
	[dbo].[WinTrackingEventsCache] AS [se] WITH(NOLOCK)
	INNER JOIN [dbo].[MachineModulePaths] AS [mp] WITH(NOLOCK) ON ([mp].[PK_MachineModulePaths] = [se].[FK_MachineModulePaths])
	INNER JOIN [dbo].[Modules] AS [mo] WITH(NOLOCK) ON ([mo].[PK_Modules] = [mp].[FK_Modules])
WHERE 
	[mo].[ModuleSignatureMicrosoft] = 0 AND
	[se].[BehaviorRegistryModifyZoneCrossingWarningSetting] = 1
OPTION (RECOMPILE);
Unsigned_Writes_Executable_To_UNC.sql	Unsigned writes executable to UNC	1	
   
SELECT DISTINCT
	[mp].[FK_Machines] AS [FK_Machines],
	[mp].[PK_MachineModulePaths] AS [FK_MachineModulePaths],
	[se].[PK_WinTrackingEvents] AS [FK_mocSentinelEvents]
FROM
	[dbo].[WinTrackingEventsCache] AS [se] WITH(NOLOCK) 
	INNER JOIN [dbo].[MachineModulePaths] AS [mp] WITH(NOLOCK) ON ([mp].[PK_MachineModulePaths] = [se].[FK_MachineModulePaths])
	INNER JOIN [dbo].[Modules] AS [mo] WITH(NOLOCK) ON ([mo].[PK_Modules] = [mp].[FK_Modules])
WHERE 
	[mo].[ModuleSignaturePresent] = 0 AND
	(
		[se].[BehaviorFileWriteExecutable] = 1 OR
		[se].[BehaviorFileRenameToExecutable] = 1
	) AND
	[se].[Path_Target] LIKE '\\%'
OPTION (RECOMPILE);

Unsigned_Writes_Executable_To_Drive_Root.sql	Unsigned writes executable to drive root	1	
   
SELECT DISTINCT
	[mp].[FK_Machines] AS [FK_Machines],
	[mp].[PK_MachineModulePaths] AS [FK_MachineModulePaths],
	[se].[PK_WinTrackingEvents] AS [FK_mocSentinelEvents]
FROM
	[dbo].[WinTrackingEventsCache] AS [se] WITH(NOLOCK) 
	INNER JOIN [dbo].[MachineModulePaths] AS [mp] WITH(NOLOCK) ON ([mp].[PK_MachineModulePaths] = [se].[FK_MachineModulePaths])
	INNER JOIN [dbo].[Modules] AS [mo] WITH(NOLOCK) ON ([mo].[PK_Modules] = [mp].[FK_Modules])
WHERE 
	[mo].[ModuleSignaturePresent] = 0 AND
	(
		[se].[BehaviorFileWriteExecutable] = 1 OR
		[se].[BehaviorFileRenameToExecutable] = 1
	) AND
	[se].[Path_Target] LIKE '_:\'
OPTION (RECOMPILE);


Unsigned_Writes_Executable_To_Startup_Directory.sql	Unsigned writes executable to startup directory	1	
   
SELECT DISTINCT
	[mp].[FK_Machines] AS [FK_Machines],
	[mp].[PK_MachineModulePaths] AS [FK_MachineModulePaths],
	[se].[PK_WinTrackingEvents] AS [FK_mocSentinelEvents]
FROM
	[dbo].[WinTrackingEventsCache] AS [se] WITH(NOLOCK) 
	INNER JOIN [dbo].[MachineModulePaths] AS [mp] WITH(NOLOCK) ON ([mp].[PK_MachineModulePaths] = [se].[FK_MachineModulePaths])
	INNER JOIN [dbo].[Modules] AS [mo] WITH(NOLOCK) ON ([mo].[PK_Modules] = [mp].[FK_Modules])
WHERE 
	[mo].[ModuleSignaturePresent] = 0 AND
	(
		[se].[BehaviorFileWriteExecutable] = 1 OR
		[se].[BehaviorFileRenameToExecutable] = 1
	) AND
	REVERSE([se].[Path_Target]) LIKE REVERSE('%\start menu\programs\startup\')
OPTION (RECOMPILE);

Runs_From_RecycleBin_Directory.sql	Runs from RecyleBin directory	1	

SELECT DISTINCT
	[mp].[FK_Machines] AS [FK_Machines],
	[mp].[PK_MachineModulePaths] AS [FK_MachineModulePaths],
	[se].[PK_WinTrackingEvents] AS [FK_mocSentinelEvents]
FROM
	[dbo].[WinTrackingEventsCache] AS [se] WITH(NOLOCK)
	INNER JOIN [dbo].[MachineModulePaths] AS [mp] WITH(NOLOCK) ON ([mp].[PK_MachineModulePaths] = [se].[FK_MachineModulePaths])
	INNER JOIN [dbo].[Paths] AS [pa] WITH(NOLOCK) ON ([pa].[PK_Paths] = [mp].[FK_Paths])
WHERE 
	(
		[pa].[Path] LIKE N'_:\$RECYCLE.BIN\%' OR
		[pa].[Path] LIKE N'_:\RECYCLER\%'
	)
OPTION (RECOMPILE);
Runs_From_SystemVolumeInformation_Directory.sql	Runs from SystemVolumeInformation directory	1	

SELECT DISTINCT
	[mp].[FK_Machines] AS [FK_Machines],
	[mp].[PK_MachineModulePaths] AS [FK_MachineModulePaths],
	[se].[PK_WinTrackingEvents] AS [FK_mocSentinelEvents]
FROM
	[dbo].[WinTrackingEventsCache] AS [se] WITH(NOLOCK)
	INNER JOIN [dbo].[MachineModulePaths] AS [mp] WITH(NOLOCK) ON ([mp].[PK_MachineModulePaths] = [se].[FK_MachineModulePaths])
	INNER JOIN [dbo].[Paths] AS [pa] WITH(NOLOCK) ON ([pa].[PK_Paths] = [mp].[FK_Paths])
WHERE 
	[pa].[Path] LIKE '_:\System Volume Information\%'
OPTION (RECOMPILE);
Powershell_Possible_Credential_Dumping.sql	Powershell possible credential dumping	1	

IF OBJECT_ID('tempdb..#SUBSET') IS NOT NULL    
	DROP TABLE #SUBSET;

SELECT 
	[se].[EventUTCTime],
	[se].[FK_Machines],
	[se].[FK_MachineModulePaths]
INTO
	#SUBSET
FROM
	[dbo].[WinTrackingEventsCache] AS [se] WITH(NOLOCK)
	INNER JOIN [dbo].[MachineModulePaths] AS [mp] WITH(NOLOCK) ON ([mp].[PK_MachineModulePaths] = [se].[FK_MachineModulePaths])
	INNER JOIN [dbo].[FileNames] AS [fn] WITH(NOLOCK) ON ([fn].[PK_FileNames] = [mp].[FK_FileNames])
WHERE
	[se].[BehaviorProcessOpenProcess] = 1 AND
	[fn].[FileName] = 'POWERSHELL.EXE' AND
	[se].[FileName_Target] = 'LSASS.EXE' AND
	[mp].[MarkedAsDeleted] = 0;

WITH X AS
(
SELECT
	[se].[FK_Machines],
	[se].[FK_MachineModulePaths],
	[se].[FK_LaunchArguments__SourceCommandLine],
	[dbo].[ufc_JoinStringList](DISTINCT [se].[FileName_Target]) AS [TargetProcess],
	MAX([se].[PK_WinTrackingEvents]) AS [PK_WinTrackingEvents]
FROM
	[dbo].[WinTrackingEventsCache] AS [se] WITH(NOLOCK)
	INNER JOIN #SUBSET AS [su] ON ([su].[FK_MachineModulePaths] = [se].[FK_MachineModulePaths])
WHERE
	[se].[BehaviorProcessOpenProcess] = 1 AND
	[se].[EventUTCTime] BETWEEN DATEADD(SECOND, -5, [su].[EventUTCTime]) AND DATEADD(SECOND, 5, [su].[EventUTCTime]) 
GROUP BY
	[se].[FK_Machines],
	[se].[FK_MachineModulePaths],
	[se].[FK_LaunchArguments__SourceCommandLine]
HAVING
	COUNT(DISTINCT [se].[FileName_Target]) = 1
)
SELECT DISTINCT
	[X].[FK_Machines],
	[X].[FK_MachineModulePaths],
	[X].[PK_WinTrackingEvents]
FROM 
	[X] AS [X]
WHERE
	[X].[TargetProcess] = 'LSASS.EXE';

DROP TABLE #SUBSET;
Runs_Powershell_Base64Decoding.sql	Runs powershell decoding base64 string	1	

SELECT DISTINCT
	[se].[FK_Machines],
	[se].[FK_MachineModulePaths],
	[se].[PK_WinTrackingEvents] AS [FK_mocSentinelEvents]
FROM
	[dbo].[WinTrackingEventsCache] AS [se] WITH(NOLOCK)
WHERE
	[se].[BehaviorProcessCreateProcess] = 1 AND
	[se].[FileName_Target] = 'POWERSHELL.EXE' AND
	[se].[LaunchArguments_Target] LIKE '%FromBase64String%'
OPTION (RECOMPILE);
Runs_Powershell_Download.sql	Runs powershell downloading content	1	
   
SELECT DISTINCT
	[se].[FK_Machines],
	[se].[FK_MachineModulePaths],
	[se].[PK_WinTrackingEvents] AS [FK_mocSentinelEvents]
FROM
	[dbo].[WinTrackingEventsCache] AS [se] WITH(NOLOCK)
WHERE
	[se].[BehaviorProcessCreateProcess] = 1 AND
	[se].[FileName_Target] = 'POWERSHELL.EXE' AND
	(
		[se].[LaunchArguments_Target] LIKE '%.DownloadString%' OR
		[se].[LaunchArguments_Target] LIKE '%.DownloadFile%' OR
		[se].[LaunchArguments_Target] LIKE '%.DownloadData%'
	)
OPTION (RECOMPILE);
Runs_Powershell_ShellExecute.sql	Runs powershell ShellExecute function	1	
   
SELECT DISTINCT
	[se].[FK_Machines],
	[se].[FK_MachineModulePaths],
	[se].[PK_WinTrackingEvents] AS [FK_mocSentinelEvents]
FROM
	[dbo].[WinTrackingEventsCache] AS [se] WITH(NOLOCK)
WHERE
	[se].[BehaviorProcessCreateProcess] = 1 AND
	[se].[FileName_Target] = 'POWERSHELL.EXE' AND
	[se].[LaunchArguments_Target] LIKE '%.ShellExecute%'
OPTION (RECOMPILE);
Runs_Powershell_Stream.sql	Runs powershell memory stream function	1	
   
SELECT DISTINCT
	[se].[FK_Machines],
	[se].[FK_MachineModulePaths],
	[se].[PK_WinTrackingEvents] AS [FK_mocSentinelEvents]
FROM
	[dbo].[WinTrackingEventsCache] AS [se] WITH(NOLOCK)
WHERE
	[se].[BehaviorProcessCreateProcess] = 1 AND
	[se].[FileName_Target] = 'POWERSHELL.EXE' AND
	(
		[se].[LaunchArguments_Target] LIKE '%IO.StreamReader%' OR
		[se].[LaunchArguments_Target] LIKE '%IO.MemoryStream%' OR
		[se].[LaunchArguments_Target] LIKE '%IO.Compression.DeflateStream%'
	)
OPTION (RECOMPILE);
Deletes_Shadow_Volume_Copies.sql	Deletes shadow volume copies	1	
   
SELECT DISTINCT
	[se].[FK_Machines],
	[se].[FK_MachineModulePaths],
	[se].[PK_WinTrackingEvents] AS [FK_mocSentinelEvents]
FROM
	[dbo].[WinTrackingEventsCache] AS [se] WITH(NOLOCK)
	INNER JOIN [dbo].[LaunchArguments] AS [la] WITH(NOLOCK) ON ([la].[PK_LaunchArguments] = [se].[FK_LaunchArguments__SourceCommandLine])
	INNER JOIN [dbo].[MachineModulePaths] AS [mp] WITH(NOLOCK) ON ([mp].[PK_MachineModulePaths] = [se].[FK_MachineModulePaths])
	INNER JOIN [dbo].[Modules] AS [mo] WITH(NOLOCK) ON ([mo].[PK_Modules] = [mp].[FK_Modules])
	INNER JOIN [dbo].[FileNames] AS [fn] WITH(NOLOCK) ON ([fn].PK_FileNames = [mp].[FK_FileNames])
WHERE
	[se].[BehaviorProcessCreateProcess] = 1 AND
	(
		(
			[fn].[FileName] = N'CMD.EXE' AND
			(
				(
					[mo].[ModuleSignatureMicrosoft] = 1 AND
					[la].[LaunchArguments] LIKE N'%/c%'
				) OR
				(
					[mo].[ModuleSignatureMicrosoft] = 0
				)
			)
		) OR
		(
			[fn].[FileName] != N'CMD.EXE' 
		)
	) AND
	(
		(
			[se].[FileName_Target] = N'VSSADMIN.EXE' AND
			[se].[LaunchArguments_Target] LIKE N'%/delete%shadows%/all%/quiet%'
		) OR
		(
			[se].[FileName_Target] = N'WMIC.EXE' AND
			[se].[LaunchArguments_Target] LIKE N'%shadowcopy%delete%'
		)
	)
OPTION (RECOMPILE);
Disables_Startup_Repair.sql	Disables startup repair	1	
   
SELECT DISTINCT
	[se].[FK_Machines],
	[se].[FK_MachineModulePaths],
	[se].[PK_WinTrackingEvents] AS [FK_mocSentinelEvents]
FROM
	[dbo].[WinTrackingEventsCache] AS [se] WITH(NOLOCK)
	INNER JOIN [dbo].[LaunchArguments] AS [la] WITH(NOLOCK) ON ([la].[PK_LaunchArguments] = [se].[FK_LaunchArguments__SourceCommandLine])
	INNER JOIN [dbo].[MachineModulePaths] AS [mp] WITH(NOLOCK) ON ([mp].[PK_MachineModulePaths] = [se].[FK_MachineModulePaths])
	INNER JOIN [dbo].[Modules] AS [mo] WITH(NOLOCK) ON ([mo].[PK_Modules] = [mp].[FK_Modules])
	INNER JOIN [dbo].[FileNames] AS [fn] WITH(NOLOCK) ON ([fn].PK_FileNames = [mp].[FK_FileNames])
WHERE
	[se].[BehaviorProcessCreateProcess] = 1 AND
	(
		(
			[fn].[FileName] = N'CMD.EXE' AND
			(
				(
					[mo].[ModuleSignatureMicrosoft] = 1 AND
					[la].[LaunchArguments] LIKE N'%/c%'
				) OR
				(
					[mo].[ModuleSignatureMicrosoft] = 0
				)
			)
		) OR
		(
			[fn].[FileName] != N'CMD.EXE' 
		)
	) AND
	(
		[se].[FileName_Target] = N'BCDEDIT.EXE' AND
		(
			[se].[LaunchArguments_Target] LIKE N'%/set%recoveryenabled%no' OR
			[se].[LaunchArguments_Target] LIKE N'%/set%bootstatuspolicy%ignoreallfailures'
		) 
	)
OPTION (RECOMPILE);
Runs_Mshta_Javascript.sql	Runs mshta with javascript arguments	1	

SELECT DISTINCT
	[se].[FK_Machines],
	[se].[FK_MachineModulePaths],
	[se].[PK_WinTrackingEvents] AS [FK_mocSentinelEvents]
FROM
	[dbo].[WinTrackingEventsCache] AS [se] WITH(NOLOCK)
WHERE
	[se].[BehaviorProcessCreateProcess] = 1 AND
	[se].[FileName_Target] = N'MSHTA.EXE' AND
	[se].[LaunchArguments_Target] LIKE N'%javascript:%'
OPTION (RECOMPILE);
Possible_Credential_Dumping.sql	Possible credential dumping	1	

IF OBJECT_ID('tempdb..#SUBSET') IS NOT NULL    
	DROP TABLE #SUBSET;

WITH X AS
(
SELECT 
	[se].[FK_MachineModulePaths],
	[se].[FK_Machines],
	[se].[HashSHA256_Target]
FROM
	[dbo].[WinTrackingEventsCache] AS [se] WITH(NOLOCK)
	INNER JOIN [dbo].[MachineModulePaths] AS [mp] WITH(NOLOCK) ON ([mp].[PK_MachineModulePaths] = [se].[FK_MachineModulePaths])
	INNER JOIN [dbo].[Modules] AS [mo] WITH(NOLOCK) ON ([mo].[PK_Modules] = [mp].[FK_Modules])
WHERE
	[se].[HashSHA256_Target] != 0 AND
	(
		[se].[BehaviorFileWriteExecutable] = 1 OR
		[se].[BehaviorProcessCreateProcess] = 1
	) AND
	[mo].[ModuleSignatureValid] = 0
GROUP BY
	[se].[FK_MachineModulePaths],
	[se].[FK_Machines],
	[se].[HashSHA256_Target]
HAVING
	MAX(CAST([se].[BehaviorFileWriteExecutable] AS INT)) + MAX(CAST([se].[BehaviorProcessCreateProcess] AS INT)) = 2
)
SELECT 
	[se].[FK_Machines],
	[se].[EventUTCTime],
	[se].[HashSHA256_Target]
INTO
	#SUBSET
FROM
	[dbo].[WinTrackingEventsCache] AS [se] WITH(NOLOCK)
	INNER JOIN X ON ([X].[FK_MachineModulePaths] = [se].[FK_MachineModulePaths] AND [X].[FK_Machines] = [se].[FK_Machines] AND [se].[HashSHA256_Target] = [X].[HashSHA256_Target])
WHERE
	[se].[BehaviorFileWriteExecutable] = 1;

WITH Y AS
(
SELECT
	[se].[FK_Machines],
	[se].[FK_MachineModulePaths],
	[se].[FK_LaunchArguments__SourceCommandLine],
	[dbo].[ufc_JoinStringList](DISTINCT [se].[FileName_Target]) AS [TargetProcess],
	MAX([se].[PK_WinTrackingEvents]) AS [PK_WinTrackingEvents]
FROM
	[dbo].[WinTrackingEventsCache] AS [se] WITH(NOLOCK)
	INNER JOIN [dbo].[MachineModulePaths] AS [mp] WITH(NOLOCK) ON ([mp].[PK_MachineModulePaths] = [se].[FK_MachineModulePaths])
	INNER JOIN [dbo].[Modules] AS [mo] WITH(NOLOCK) ON ([mo].[PK_Modules] = [mp].[FK_Modules])
	INNER JOIN #SUBSET AS [su] ON ([su].[HashSHA256_Target] = [mo].[HashSHA256])
WHERE
	(
		[se].[BehaviorProcessCreateRemoteThread] = 1 OR
		[se].[BehaviorProcessOpenProcess] = 1 
	) AND
	[se].[EventUTCTime] BETWEEN [su].[EventUTCTime] AND DATEADD(SECOND, 10, [su].[EventUTCTime]) 
GROUP BY
	[se].[FK_Machines],
	[se].[FK_MachineModulePaths],
	[se].[FK_LaunchArguments__SourceCommandLine]
HAVING
	COUNT(DISTINCT [se].[FileName_Target]) = 1
)
SELECT
	[Y].[FK_Machines],
	[Y].[FK_MachineModulePaths],
	[Y].[PK_WinTrackingEvents]
FROM 
	[Y]
WHERE
	[Y].[TargetProcess] = 'LSASS.EXE';

DROP TABLE #SUBSET

Runs_Regsvr32_HTTP.sql	Runs regsvr32 with HTTP argument	1	
   
SELECT DISTINCT
	[se].[FK_Machines],
	[se].[FK_MachineModulePaths],
	[se].[PK_WinTrackingEvents] AS [FK_mocSentinelEvents]
FROM
	[dbo].[WinTrackingEventsCache] AS [se] WITH(NOLOCK)
WHERE
	[se].[BehaviorProcessCreateProcess] = 1 AND
	[se].[FileName_Target] = 'REGSVR32.EXE' AND
	[se].[LaunchArguments_Target] LIKE '%/i:%http://%'
OPTION (RECOMPILE);
Runs_Rundll32_Javascript.sql	Runs rundll32 with javascript arguments	1	
   
SELECT DISTINCT
	[se].[FK_Machines],
	[se].[FK_MachineModulePaths],
	[se].[PK_WinTrackingEvents] AS [FK_mocSentinelEvents]
FROM
	[dbo].[WinTrackingEventsCache] AS [se] WITH(NOLOCK)
WHERE
	[se].[BehaviorProcessCreateProcess] = 1 AND
	[se].[FileName_Target] = N'RUNDLL32.EXE' AND
	[se].[LaunchArguments_Target] LIKE N'%javascript:%'
OPTION (RECOMPILE);
Browser_Runs_Powershell.sql	Browser runs powershell	1	
   
SELECT DISTINCT
	[se].[FK_Machines],
	[se].[FK_MachineModulePaths],
	[se].[PK_WinTrackingEvents] AS [FK_mocSentinelEvents]
FROM
	[dbo].[WinTrackingEventsCache] AS [se] WITH(NOLOCK)
	INNER JOIN [dbo].[MachineModulePaths] AS [mp] WITH(NOLOCK) ON ([mp].[PK_MachineModulePaths] = [se].[FK_MachineModulePaths])
	INNER JOIN [dbo].[FileNames] AS [fn] WITH(NOLOCK) ON ([fn].[PK_FileNames] = [mp].[FK_FileNames])
WHERE
	[fn].[FileName] IN ('CHROME.EXE','IEXPLORE.EXE','FIREFOX.EXE','SAFARI.EXE','OPERA.EXE') AND
	[se].[BehaviorProcessCreateProcess] = 1 AND
	[se].[FileName_Target] = 'POWERSHELL.EXE'
OPTION (RECOMPILE);
Powershell_Creates_Remote_Thread.sql	Powershell creates remote thread	1	

SELECT DISTINCT
	[mp].[FK_Machines] AS [FK_Machines],
	[mp].[PK_MachineModulePaths] AS [FK_MachineModulePaths],
	[se].[PK_WinTrackingEvents] AS [FK_mocSentinelEvents]
FROM
	[dbo].[WinTrackingEventsCache] AS [se] WITH(NOLOCK)
	INNER JOIN [dbo].[MachineModulePaths] AS [mp] WITH(NOLOCK) ON ([mp].[PK_MachineModulePaths] = [se].[FK_MachineModulePaths])
	INNER JOIN [dbo].[FileNames] AS [fn] WITH(NOLOCK) ON ([fn].[PK_FileNames] = [mp].[FK_Filenames])
WHERE 
	[se].[BehaviorProcessCreateRemoteThread] = 1 AND
	[fn].[FileName] = N'POWERSHELL.EXE'
OPTION (RECOMPILE);
Unsigned_Copy_Itself.sql	Unsigned copy itself	2	

SELECT DISTINCT
	[smp].[FK_Machines] AS [FK_Machines],
	[smp].[PK_MachineModulePaths] AS [FK_MachineModulePaths],
	[se].[PK_WinTrackingEvents] AS [FK_mocSentinelEvents]
FROM
	[dbo].[WinTrackingEventsCache] AS [se] WITH(NOLOCK)
	INNER JOIN [dbo].[MachineModulePaths] AS [smp] WITH(NOLOCK) ON [smp].[PK_MachineModulePaths] = [se].[FK_MachineModulePaths]
	INNER JOIN [dbo].[Modules] AS [mo] WITH(NOLOCK) ON ([mo].[PK_Modules] = [smp].[FK_Modules])
WHERE
	[mo].[ModuleSignaturePresent] = 0 AND
	[smp].[FK_Modules] != -1 AND
	[se].[HashSHA256_Target] = [mo].[HashSHA256] AND
	(
		[se].[BehaviorFileWriteExecutable] = 1 OR
		[se].[BehaviorFileRenameToExecutable] = 1
	) AND
	[smp].[MarkedAsDeleted] = 0 -- Testing MarkedAsDeleted on MP instead of SE for Events
OPTION (RECOMPILE);

Runs_Powershell_Hidden_Window.sql	Runs powershell with hidden window	2	
   
SELECT DISTINCT
	[se].[FK_Machines],
	[se].[FK_MachineModulePaths],
	[se].[PK_WinTrackingEvents] AS [FK_mocSentinelEvents]
FROM
	[dbo].[WinTrackingEventsCache] AS [se] WITH(NOLOCK)
WHERE
	[se].[BehaviorProcessCreateProcess] = 1 AND
	[se].[FileName_Target] = 'POWERSHELL.EXE' AND
	[se].[LaunchArguments_Target] LIKE N'%-W% %Hidden%'
OPTION (RECOMPILE);
Runs_Application_Compatibility_Management_Tool.sql	Runs application compatibility management tool	2	

SELECT DISTINCT
	[se].[FK_Machines],
	[se].[FK_MachineModulePaths],
	[se].[PK_WinTrackingEvents] AS [FK_mocSentinelEvents]
FROM
	[dbo].[WinTrackingEventsCache] AS [se] WITH(NOLOCK)
WHERE 
	[se].[BehaviorProcessCreateProcess] = 1 AND
	[se].[FileName_Target] = N'SDBINST.EXE'
OPTION (RECOMPILE);

Runs_Remote_Execution_Tool.sql	Runs remote execution tool	2	

SELECT DISTINCT
	[se].[FK_Machines],
	[se].[FK_MachineModulePaths],
	[se].[PK_WinTrackingEvents] AS [FK_mocSentinelEvents]
FROM
	[dbo].[WinTrackingEventsCache] AS [se] WITH(NOLOCK)
WHERE 
	[se].[BehaviorProcessCreateProcess] = 1 AND
	[se].[FileName_Target] = N'PSEXEC.EXE'
OPTION (RECOMPILE);
Runs_Powershell_Long_Arguments.sql	Runs powershell with long arguments	2	
   
SELECT DISTINCT
	[se].[FK_Machines],
	[se].[FK_MachineModulePaths],
	[se].[PK_WinTrackingEvents] AS [FK_mocSentinelEvents]
FROM
	[dbo].[WinTrackingEventsCache] AS [se] WITH(NOLOCK)
WHERE
	[se].[BehaviorProcessCreateProcess] = 1 AND
	[se].[FileName_Target] = 'POWERSHELL.EXE' AND
	LEN([se].[LaunchArguments_Target]) >= 499
OPTION (RECOMPILE);
Rapidly_Reads_Multiple_Documents.sql	Rapidly reads multiple documents (30 documents within 30 seconds)	2	
   
SELECT DISTINCT
	[se].[FK_Machines],
	[se].[FK_MachineModulePaths],
	[se].[PK_WinTrackingEvents] AS [FK_mocSentinelEvents]
FROM
	[dbo].[WinTrackingEventsCache] AS [se] WITH(NOLOCK)
WHERE
	[se].[BehaviorFileReadDocument] = 1
OPTION (RECOMPILE);
Runs_Powershell_EncodedCommand.sql	Runs powershell using encoded command	2	
   
SELECT DISTINCT
	[se].[FK_Machines],
	[se].[FK_MachineModulePaths],
	[se].[PK_WinTrackingEvents] AS [FK_mocSentinelEvents]
FROM
	[dbo].[WinTrackingEventsCache] AS [se] WITH(NOLOCK)
WHERE
	[se].[BehaviorProcessCreateProcess] = 1 AND
	[se].[FileName_Target] = 'POWERSHELL.EXE' AND
	(
		[se].[LaunchArguments_Target] LIKE '%-enc %' OR
		[se].[LaunchArguments_Target] LIKE '%-EncodedCommand %'
	)
OPTION (RECOMPILE);
Modifies_Run_Key.sql	Modifies run key	2	

SELECT DISTINCT
	[se].[FK_Machines],
	[se].[FK_MachineModulePaths],
	[se].[PK_WinTrackingEvents] AS [FK_mocSentinelEvents]
FROM
	[dbo].[WinTrackingEventsCache] AS [se] WITH(NOLOCK)
WHERE 
	[se].[BehaviorRegistryModifyRunKey] = 1
OPTION (RECOMPILE);
Self_Delete.sql	Self delete	2	

SELECT DISTINCT
	[se].[FK_Machines],
	[se].[FK_MachineModulePaths],
	[se].[PK_WinTrackingEvents] AS [FK_mocSentinelEvents]
FROM
	[dbo].[WinTrackingEventsCache] AS [se] WITH(NOLOCK)
WHERE 
	[se].[BehaviorFileSelfDeleteExecutable] = 1
OPTION (RECOMPILE);
Modifies_Internet_Zone_Setting.sql	Modifies internet zone setting	2	

SELECT DISTINCT
	[mp].[FK_Machines] AS [FK_Machines],
	[mp].[PK_MachineModulePaths] AS [FK_MachineModulePaths],
	[se].[PK_WinTrackingEvents] AS [FK_mocSentinelEvents]
FROM
	[dbo].[WinTrackingEventsCache] AS [se] WITH(NOLOCK)
	INNER JOIN [dbo].[MachineModulePaths] AS [mp] WITH(NOLOCK) ON ([mp].[PK_MachineModulePaths] = [se].[FK_MachineModulePaths])
	INNER JOIN [dbo].[Modules] AS [mo] WITH(NOLOCK) ON ([mo].[PK_Modules] = [mp].[FK_Modules])
WHERE 
	[mo].[ModuleSignatureMicrosoft] = 0 AND
	[se].[BehaviorRegistryModifyInternetZoneSettings] = 1
OPTION (RECOMPILE);
Unsigned_Writes_Executable_And_Creates_Process_On_Same_File.sql	Unsigned writes executable and create process on same file	2	

WITH BOTH_EVENTS AS
(
SELECT
	[se].[FK_Machines],
	[se].[FK_MachineModulePaths],
	MAX(CAST([se].[BehaviorProcessCreateProcess] AS INT)) AS [CreateProcess],
	MAX(CAST([se].[BehaviorFileWriteExecutable] AS INT)) AS [WriteExecutable],
	MAX([se].[PK_WinTrackingEvents]) AS [PK_WinTrackingEvents]
FROM
	[dbo].[WinTrackingEventsCache] AS [se] WITH(NOLOCK)
	INNER JOIN [dbo].[MachineModulePaths] AS [mp] WITH(NOLOCK) ON ([mp].[PK_MachineModulePaths] = [se].[FK_MachineModulePaths])
	INNER JOIN [dbo].[Modules] AS [mo] WITH(NOLOCK) ON ([mo].[PK_Modules] = [mp].[FK_Modules])
WHERE
	[mo].[ModuleSignaturePresent] = 0 AND
	(
		[se].[BehaviorProcessCreateProcess] = 1 OR
		[se].[BehaviorFileWriteExecutable] = 1
	) 
GROUP BY
	[se].[FK_Machines],
	[se].[FK_MachineModulePaths],
	[se].[Path_Target],
	[se].[FileName_Target]
)
SELECT DISTINCT
	[be].[FK_Machines],
	[be].[FK_MachineModulePaths],
	[be].[PK_WinTrackingEvents]
FROM
	BOTH_EVENTS AS [be]
WHERE
	[be].[CreateProcess] = 1 AND
	[be].[WriteExecutable] = 1
OPTION (RECOMPILE);

Unsigned_Opens_OS_Process.sql	Unsigned opens OS process	2	

SELECT DISTINCT
	[mp].[FK_Machines] AS [FK_Machines],
	[mp].[PK_MachineModulePaths] AS [FK_MachineModulePaths],
	[se].[PK_WinTrackingEvents] AS [FK_mocSentinelEvents]
FROM
	[dbo].[WinTrackingEventsCache] AS [se] WITH(NOLOCK)
	INNER JOIN [dbo].[MachineModulePaths] AS [mp] WITH(NOLOCK) ON ([mp].[PK_MachineModulePaths] = [se].[FK_MachineModulePaths])
	INNER JOIN [dbo].[Modules] AS [mo] WITH(NOLOCK) ON ([mo].[PK_Modules] = [mp].[FK_Modules])
WHERE 
	[mo].[ModuleSignaturePresent] = 0 AND
	[se].[BehaviorProcessOpenOSProcess] = 1
OPTION (RECOMPILE);
Unsigned_Opens_Browser_Process.sql	Unsigned opens browser process	2	

SELECT DISTINCT
	[mp].[FK_Machines] AS [FK_Machines],
	[mp].[PK_MachineModulePaths] AS [FK_MachineModulePaths],
	[se].[PK_WinTrackingEvents] AS [FK_mocSentinelEvents]
FROM
	[dbo].[WinTrackingEventsCache] AS [se] WITH(NOLOCK)
	INNER JOIN [dbo].[MachineModulePaths] AS [mp] WITH(NOLOCK) ON ([mp].[PK_MachineModulePaths] = [se].[FK_MachineModulePaths])
	INNER JOIN [dbo].[Modules] AS [mo] WITH(NOLOCK) ON ([mo].[PK_Modules] = [mp].[FK_Modules])
WHERE 
	[mo].[ModuleSignaturePresent] = 0 AND
	[se].[BehaviorProcessOpenBrowserProcess] = 1
OPTION (RECOMPILE);
Unsigned_Writes_Executable_To_Windows_Directory.sql	Unsigned writes executable to Windows directory	2	

SELECT DISTINCT
	[mp].[FK_Machines] AS [FK_Machines],
	[mp].[PK_MachineModulePaths] AS [FK_MachineModulePaths],
	[se].[PK_WinTrackingEvents] AS [FK_mocSentinelEvents]
FROM
	[dbo].[WinTrackingEventsCache] AS [se] WITH(NOLOCK) 
	INNER JOIN [dbo].[MachineModulePaths] AS [mp] WITH(NOLOCK) ON ([mp].[PK_MachineModulePaths] = [se].[FK_MachineModulePaths])
	INNER JOIN [dbo].[Modules] AS [mo] WITH(NOLOCK) ON ([mo].[PK_Modules] = [mp].[FK_Modules])
WHERE 
	[mo].[ModuleSignaturePresent] = 0 AND
	(
		[se].[BehaviorFileWriteExecutable] = 1 OR
		[se].[BehaviorFileRenameToExecutable] = 1
	) AND
	(
		[se].[Path_Target] LIKE N'_:\WINDOWS\%' OR
		[se].[Path_Target] LIKE N'_:\WINNT\%'
	)
OPTION (RECOMPILE);

Unsigned_Writes_Executable_To_Users_Directory.sql	Unsigned writes executable to users directory	2	

SELECT DISTINCT
	[mp].[FK_Machines] AS [FK_Machines],
	[mp].[PK_MachineModulePaths] AS [FK_MachineModulePaths],
	[se].[PK_WinTrackingEvents] AS [FK_mocSentinelEvents]
FROM
	[dbo].[WinTrackingEventsCache] AS [se] WITH(NOLOCK)
	INNER JOIN [dbo].[MachineModulePaths] AS [mp] WITH(NOLOCK) ON ([mp].[PK_MachineModulePaths] = [se].[FK_MachineModulePaths])
	INNER JOIN [dbo].[Modules] AS [mo] WITH(NOLOCK) ON ([mo].[PK_Modules] = [mp].[FK_Modules])
WHERE 
	[mo].[ModuleSignaturePresent] = 0 AND
	(
		[se].[BehaviorFileWriteExecutable] = 1 OR
		[se].[BehaviorFileRenameToExecutable] = 1
	) AND
	(
		[se].[Path_Target] LIKE N'_:\USERS\%' OR
		[se].[Path_Target] LIKE N'_:\DOCUMENTS AND SETTINGS\%'
	)
OPTION (RECOMPILE);

Unsigned_Writes_Executable_To_AppDataRoaming_Directory.sql	Unsigned writes executable to AppDataRoaming directory	2	

SELECT DISTINCT
	[mp].[FK_Machines] AS [FK_Machines],
	[mp].[PK_MachineModulePaths] AS [FK_MachineModulePaths],
	[se].[PK_WinTrackingEvents] AS [FK_mocSentinelEvents]
FROM
	[dbo].[WinTrackingEventsCache] AS [se] WITH(NOLOCK)
	INNER JOIN [dbo].[MachineModulePaths] AS [mp] WITH(NOLOCK) ON ([mp].[PK_MachineModulePaths] = [se].[FK_MachineModulePaths])
	INNER JOIN [dbo].[Modules] AS [mo] WITH(NOLOCK) ON ([mo].[PK_Modules] = [mp].[FK_Modules])
WHERE 
	[mo].[ModuleSignaturePresent] = 0 AND
	(
		[se].[BehaviorFileWriteExecutable] = 1 OR
		[se].[BehaviorFileRenameToExecutable] = 1
	) AND
	[se].[Path_Target] LIKE N'_:\USERS\%\APPDATA\ROAMING\%'
OPTION (RECOMPILE);

Unsigned_Writes_Executable_To_AppDataLocal_Directory.sql	Unsigned writes executable to AppDataLocal directory	2	

SELECT DISTINCT
	[mp].[FK_Machines] AS [FK_Machines],
	[mp].[PK_MachineModulePaths] AS [FK_MachineModulePaths],
	[se].[PK_WinTrackingEvents] AS [FK_mocSentinelEvents]
FROM
	[dbo].[WinTrackingEventsCache] AS [se] WITH(NOLOCK)
	INNER JOIN [dbo].[MachineModulePaths] AS [mp] WITH(NOLOCK) ON ([mp].[PK_MachineModulePaths] = [se].[FK_MachineModulePaths])
	INNER JOIN [dbo].[Modules] AS [mo] WITH(NOLOCK) ON ([mo].[PK_Modules] = [mp].[FK_Modules])
WHERE 
	[mo].[ModuleSignaturePresent] = 0 AND
	(
		[se].[BehaviorFileWriteExecutable] = 1 OR
		[se].[BehaviorFileRenameToExecutable] = 1
	) AND
	[se].[Path_Target] LIKE N'_:\USERS\%\APPDATA\LOCAL\%'
OPTION (RECOMPILE);

Renames_File_To_Executable.sql	Renames file to executable	2	

SELECT DISTINCT
	[mp].[FK_Machines] AS [FK_Machines],
	[mp].[PK_MachineModulePaths] AS [FK_MachineModulePaths],
	[se].[PK_WinTrackingEvents] AS [FK_mocSentinelEvents]
FROM
	[dbo].[WinTrackingEventsCache] AS [se] WITH(NOLOCK)
	INNER JOIN [dbo].[MachineModulePaths] AS [mp] WITH(NOLOCK) ON ([mp].[PK_MachineModulePaths] = [se].[FK_MachineModulePaths])
	INNER JOIN [dbo].[Modules] AS [mo] WITH(NOLOCK) ON ([mo].[PK_Modules] = [mp].[FK_Modules])
WHERE 
	[mo].[ModuleSignatureMicrosoft] = 0 AND
	[se].[BehaviorFileRenameToExecutable] = 1
OPTION (RECOMPILE);
Unsigned_Opens_Physical_Drive.sql	Unsigned opens physical drive	2	

SELECT DISTINCT
	[mp].[FK_Machines] AS [FK_Machines],
	[mp].[PK_MachineModulePaths] AS [FK_MachineModulePaths],
	[se].[PK_WinTrackingEvents] AS [FK_mocSentinelEvents]
FROM
	[dbo].[WinTrackingEventsCache] AS [se] WITH(NOLOCK)
	INNER JOIN [dbo].[MachineModulePaths] AS [mp] WITH(NOLOCK) ON ([mp].[PK_MachineModulePaths] = [se].[FK_MachineModulePaths])
	INNER JOIN [dbo].[Modules] AS [mo] WITH(NOLOCK) ON ([mo].[PK_Modules] = [mp].[FK_Modules])
WHERE 
	[mo].[ModuleSignaturePresent] = 0 AND
	[se].[BehaviorFileOpenPhysicalDrive] = 1
OPTION (RECOMPILE);
Unsigned_Writes_Executable.sql	Unsigned writes executable	2	

SELECT DISTINCT
	[mp].[FK_Machines] AS [FK_Machines],
	[mp].[PK_MachineModulePaths] AS [FK_MachineModulePaths],
	[se].[PK_WinTrackingEvents] AS [FK_mocSentinelEvents]
FROM
	[dbo].[WinTrackingEventsCache] AS [se] WITH(NOLOCK)
	INNER JOIN [dbo].[MachineModulePaths] AS [mp] WITH(NOLOCK) ON ([mp].[PK_MachineModulePaths] = [se].[FK_MachineModulePaths])
	INNER JOIN [dbo].[Modules] AS [mo] WITH(NOLOCK) ON ([mo].[PK_Modules] = [mp].[FK_Modules])
WHERE 
	[mo].[ModuleSignaturePresent] = 0 AND
	(
		[se].[BehaviorFileWriteExecutable] = 1 OR
		[se].[BehaviorFileRenameToExecutable] = 1
	)
OPTION (RECOMPILE);
Maps_Administrative_Share.sql	Maps administrative share	2	
   
SELECT DISTINCT
	[se].[FK_Machines],
	[se].[FK_MachineModulePaths],
	[se].[PK_WinTrackingEvents] AS [FK_mocSentinelEvents]
FROM
	[dbo].[WinTrackingEventsCache] AS [se] WITH(NOLOCK)
WHERE
	[se].[BehaviorProcessCreateProcess] = 1 AND
	[se].[FileName_Target] = 'NET.EXE' AND
	(
		[se].[LaunchArguments_Target] LIKE '%USE %\\%\[A-Z]$%' OR
		[se].[LaunchArguments_Target] LIKE '%USE %\\%\ADMIN$%'
	) AND
	[se].[LaunchArguments_Target] NOT LIKE '%/D%'
OPTION (RECOMPILE);
Maps_IPC_Share.sql	Maps IPC$ share	2	
   
SELECT DISTINCT
	[se].[FK_Machines],
	[se].[FK_MachineModulePaths],
	[se].[PK_WinTrackingEvents] AS [FK_mocSentinelEvents]
FROM
	[dbo].[WinTrackingEventsCache] AS [se] WITH(NOLOCK)
WHERE
	[se].[BehaviorProcessCreateProcess] = 1 AND
	[se].[FileName_Target] = 'NET.EXE' AND
	[se].[LaunchArguments_Target] LIKE '%USE %\\%\IPC$%' AND
	[se].[LaunchArguments_Target] NOT LIKE '%/D%'
OPTION (RECOMPILE);
Runs_Network_Connectivity_Tool.sql	Runs network connectivity tool	3	

SELECT DISTINCT
	[se].[FK_Machines],
	[se].[FK_MachineModulePaths],
	[se].[PK_WinTrackingEvents] AS [FK_mocSentinelEvents]
FROM
	[dbo].[WinTrackingEventsCache] AS [se] WITH(NOLOCK)
WHERE 
	[se].[BehaviorProcessCreateProcess] = 1 AND
	[se].[FileName_Target] = N'PING.EXE'
OPTION (RECOMPILE);
Runs_Command_Shell.sql	Runs command shell	3	

SELECT DISTINCT
	[se].[FK_Machines],
	[se].[FK_MachineModulePaths],
	[se].[PK_WinTrackingEvents] AS [FK_mocSentinelEvents]
FROM
	[dbo].[WinTrackingEventsCache] AS [se] WITH(NOLOCK)
WHERE 
	[se].[BehaviorProcessCreateProcess] = 1 AND
	[se].[FileName_Target] = N'CMD.EXE' 
OPTION (RECOMPILE);
Runs_NET.sql	Runs NET.EXE	3	

SELECT DISTINCT
	[se].[FK_Machines],
	[se].[FK_MachineModulePaths],
	[se].[PK_WinTrackingEvents] AS [FK_mocSentinelEvents]
FROM
	[dbo].[WinTrackingEventsCache] AS [se] WITH(NOLOCK)
WHERE 
	[se].[BehaviorProcessCreateProcess] = 1 AND
	[se].[FileName_Target] = N'NET.EXE'
OPTION (RECOMPILE);
Enumerates_Processes.sql	Enumerates processes	3	

SELECT DISTINCT
	[se].[FK_Machines],
	[se].[FK_MachineModulePaths],
	[se].[PK_WinTrackingEvents] AS [FK_mocSentinelEvents]
FROM
	[dbo].[WinTrackingEventsCache] AS [se] WITH(NOLOCK)
WHERE 
	[se].[BehaviorProcessCreateProcess] = 1 AND
	[se].[FileName_Target] = 'TASKLIST.EXE' AND 
	[se].[LaunchArguments_Target] NOT LIKE '%/FI%'
OPTION (RECOMPILE);
Enumerates_IP_Config.sql	Enumerates IP configuration	3	

SELECT DISTINCT
	[se].[FK_Machines],
	[se].[FK_MachineModulePaths],
	[se].[PK_WinTrackingEvents] AS [FK_mocSentinelEvents]
FROM
	[dbo].[WinTrackingEventsCache] AS [se] WITH(NOLOCK)
WHERE 
	[se].[BehaviorProcessCreateProcess] = 1 AND
	[se].[FileName_Target] = N'IPCONFIG.EXE' AND
	(
		[se].[LaunchArguments_Target] NOT LIKE N'%/RENEW%' AND
		[se].[LaunchArguments_Target] NOT LIKE N'%/RELEASE%' AND
		[se].[LaunchArguments_Target] NOT LIKE N'%/FLUSHDNS%' AND
		[se].[LaunchArguments_Target] NOT LIKE N'%/DISPLAYDNS%' AND
		[se].[LaunchArguments_Target] NOT LIKE N'%/REGISTERDNS%' AND
		[se].[LaunchArguments_Target] NOT LIKE N'%/SHOWCLASSID%' AND
		[se].[LaunchArguments_Target] NOT LIKE N'%/SETCLASSID%'
	)
OPTION (RECOMPILE);
Runs_Registry_Tool.sql	Runs registry tool	3	

SELECT DISTINCT
	[se].[FK_Machines],
	[se].[FK_MachineModulePaths],
	[se].[PK_WinTrackingEvents] AS [FK_mocSentinelEvents]
FROM
	[dbo].[WinTrackingEventsCache] AS [se] WITH(NOLOCK)
WHERE 
	[se].[BehaviorProcessCreateProcess] = 1 AND
	[se].[FileName_Target] IN ('REG.EXE','REGEDT32.EXE')
OPTION (RECOMPILE);
Get_Hostname.sql	Get hostname	3	

SELECT DISTINCT
	[se].[FK_Machines],
	[se].[FK_MachineModulePaths],
	[se].[PK_WinTrackingEvents] AS [FK_mocSentinelEvents]
FROM
	[dbo].[WinTrackingEventsCache] AS [se] WITH(NOLOCK)
WHERE 
	[se].[BehaviorProcessCreateProcess] = 1 AND
	[se].[FileName_Target] = N'HOSTNAME.EXE'
OPTION (RECOMPILE);
Runs_Powershell.sql	Runs powershell	3	

SELECT DISTINCT
	[se].[FK_Machines],
	[se].[FK_MachineModulePaths],
	[se].[PK_WinTrackingEvents] AS [FK_mocSentinelEvents]
FROM
	[dbo].[WinTrackingEventsCache] AS [se] WITH(NOLOCK)
WHERE 
	[se].[BehaviorProcessCreateProcess] = 1 AND
	[se].[FileName_Target] = N'POWERSHELL.EXE'
OPTION (RECOMPILE);
Runs_XCOPY.sql	Runs XCOPY.EXE	3	

SELECT DISTINCT
	[se].[FK_Machines],
	[se].[FK_MachineModulePaths],
	[se].[PK_WinTrackingEvents] AS [FK_mocSentinelEvents]
FROM
	[dbo].[WinTrackingEventsCache] AS [se] WITH(NOLOCK)
WHERE 
	[se].[BehaviorProcessCreateProcess] = 1 AND
	[se].[FileName_Target] = N'XCOPY.EXE'
OPTION (RECOMPILE);
Runs_Scripting_Engine.sql	Runs scripting engine	3	

SELECT DISTINCT
	[se].[FK_Machines],
	[se].[FK_MachineModulePaths],
	[se].[PK_WinTrackingEvents] AS [FK_mocSentinelEvents]
FROM
	[dbo].[WinTrackingEventsCache] AS [se] WITH(NOLOCK)
WHERE 
	[se].[BehaviorProcessCreateProcess] = 1 AND
	[se].[FileName_Target] IN ('WSCRIPT.EXE','CSCRIPT.EXE')
OPTION (RECOMPILE);
Runs_Powershell_ExecutionPolicy_Bypass.sql	Runs powershell bypassing execution policy	3	
   
SELECT DISTINCT
	[se].[FK_Machines],
	[se].[FK_MachineModulePaths],
	[se].[PK_WinTrackingEvents] AS [FK_mocSentinelEvents]
FROM
	[dbo].[WinTrackingEventsCache] AS [se] WITH(NOLOCK)
WHERE
	[se].[BehaviorProcessCreateProcess] = 1 AND
	[se].[FileName_Target] = 'POWERSHELL.EXE' AND
	[se].[LaunchArguments_Target] LIKE N'%-Ex% %Bypass%'
OPTION (RECOMPILE);
Runs_File_Attributes_Modification_Tool.sql	Runs file attributes modification tool	3	

SELECT DISTINCT
	[se].[FK_Machines],
	[se].[FK_MachineModulePaths],
	[se].[PK_WinTrackingEvents] AS [FK_mocSentinelEvents]
FROM
	[dbo].[WinTrackingEventsCache] AS [se] WITH(NOLOCK)
WHERE 
	[se].[BehaviorProcessCreateProcess] = 1 AND
	[se].[FileName_Target] = N'ATTRIB.EXE'
OPTION (RECOMPILE);
Runs_Service_Control_Tool.sql	Runs service control tool	3	

SELECT DISTINCT
	[se].[FK_Machines],
	[se].[FK_MachineModulePaths],
	[se].[PK_WinTrackingEvents] AS [FK_mocSentinelEvents]
FROM
	[dbo].[WinTrackingEventsCache] AS [se] WITH(NOLOCK)
WHERE 
	[se].[BehaviorProcessCreateProcess] = 1 AND
	[se].[FileName_Target] = 'SC.EXE'
OPTION (RECOMPILE);
Runs_Network_Configuration_Tool.sql	Runs network configuration tool	3	

SELECT DISTINCT
	[se].[FK_Machines],
	[se].[FK_MachineModulePaths],
	[se].[PK_WinTrackingEvents] AS [FK_mocSentinelEvents]
FROM
	[dbo].[WinTrackingEventsCache] AS [se] WITH(NOLOCK)
WHERE 
	[se].[BehaviorProcessCreateProcess] = 1 AND
	[se].[FileName_Target] = N'NETSH.EXE'
OPTION (RECOMPILE);
Unsigned_Opens_Process.sql	Unsigned opens process	3	

SELECT DISTINCT
	[mp].[FK_Machines] AS [FK_Machines],
	[mp].[PK_MachineModulePaths] AS [FK_MachineModulePaths],
	[se].[PK_WinTrackingEvents] AS [FK_mocSentinelEvents]
FROM
	[dbo].[WinTrackingEventsCache] AS [se] WITH(NOLOCK)
	INNER JOIN [dbo].[MachineModulePaths] AS [mp] WITH(NOLOCK) ON ([mp].[PK_MachineModulePaths] = [se].[FK_MachineModulePaths])
	INNER JOIN [dbo].[Modules] AS [mo] WITH(NOLOCK) ON ([mo].[PK_Modules] = [mp].[FK_Modules])
WHERE 
	[mo].[ModuleSignaturePresent] = 0 AND
	[se].[BehaviorProcessOpenProcess] = 1
OPTION (RECOMPILE);
Enumerates_System_Info.sql	Enumerates system info	3	

SELECT DISTINCT
	[se].[FK_Machines],
	[se].[FK_MachineModulePaths],
	[se].[PK_WinTrackingEvents] AS [FK_mocSentinelEvents]
FROM
	[dbo].[WinTrackingEventsCache] AS [se] WITH(NOLOCK)
WHERE 
	[se].[BehaviorProcessCreateProcess] = 1 AND
	[se].[FileName_Target] = N'SYSTEMINFO.EXE'
OPTION (RECOMPILE);
Enumerates_Network_Connections.sql	Enumerates network connections	3	

SELECT DISTINCT
	[se].[FK_Machines],
	[se].[FK_MachineModulePaths],
	[se].[PK_WinTrackingEvents] AS [FK_mocSentinelEvents]
FROM
	[dbo].[WinTrackingEventsCache] AS [se] WITH(NOLOCK)
WHERE 
	[se].[BehaviorProcessCreateProcess] = 1 AND
	[se].[FileName_Target] = 'NETSTAT.EXE'
OPTION (RECOMPILE);
Perform_Manual_DNS_lookup.sql	Perform manual DNS lookup	3	

SELECT DISTINCT
	[se].[FK_Machines],
	[se].[FK_MachineModulePaths],
	[se].[PK_WinTrackingEvents] AS [FK_mocSentinelEvents]
FROM
	[dbo].[WinTrackingEventsCache] AS [se] WITH(NOLOCK)
WHERE 
	[se].[BehaviorProcessCreateProcess] = 1 AND
	[se].[FileName_Target] = N'NSLOOKUP.EXE'
OPTION (RECOMPILE);
Runs_ACLs_Management_Tool.sql	Runs ACLs management tools	3	

SELECT DISTINCT
	[se].[FK_Machines],
	[se].[FK_MachineModulePaths],
	[se].[PK_WinTrackingEvents] AS [FK_mocSentinelEvents]
FROM
	[dbo].[WinTrackingEventsCache] AS [se] WITH(NOLOCK)
WHERE 
	[se].[BehaviorProcessCreateProcess] = 1 AND
	[se].[FileName_Target] IN ('CACLS.EXE','ICACLS.EXE')
OPTION (RECOMPILE);
Runs_File_Transfer_Tool.sql	Runs file transfer tool	3	

SELECT DISTINCT
	[se].[FK_Machines],
	[se].[FK_MachineModulePaths],
	[se].[PK_WinTrackingEvents] AS [FK_mocSentinelEvents]
FROM
	[dbo].[WinTrackingEventsCache] AS [se] WITH(NOLOCK)
WHERE 
	[se].[BehaviorProcessCreateProcess] = 1 AND
	[se].[FileName_Target] IN ('FTP.EXE','TFTP.EXE')
OPTION (RECOMPILE);
Runs_Tasks_Management_Tool.sql	Runs tasks management tool	3	

SELECT DISTINCT
	[se].[FK_Machines],
	[se].[FK_MachineModulePaths],
	[se].[PK_WinTrackingEvents] AS [FK_mocSentinelEvents]
FROM
	[dbo].[WinTrackingEventsCache] AS [se] WITH(NOLOCK)
WHERE 
	[se].[BehaviorProcessCreateProcess] = 1 AND
	[se].[FileName_Target] IN ('AT.EXE','SCHTASKS.EXE')
OPTION (RECOMPILE);
Runs_WMI_Scripting_Engine.sql	Runs WMI scripting engine	3	

SELECT DISTINCT
	[se].[FK_Machines],
	[se].[FK_MachineModulePaths],
	[se].[PK_WinTrackingEvents] AS [FK_mocSentinelEvents]
FROM
	[dbo].[WinTrackingEventsCache] AS [se] WITH(NOLOCK)
WHERE 
	[se].[BehaviorProcessCreateProcess] = 1 AND
	[se].[FileName_Target] = N'SCRCONS.EXE'
OPTION (RECOMPILE);
